route_id,drug,from_city,from_state,from_country,to_city,to_state,to_country,basis,source_id,source_url,publisher,title,publication_year,locator,quote,period_start,period_end
ndic-arizona-cannabis-01,cannabis,,,MEX,,AZ,,ndic_market_analysis,ndic-dma-arizona_2011,https://www.justice.gov/archive/ndic/dmas/Arizona_DMA-2011(U).pdf,"U.S. Department of Justice, National Drug Intelligence Center",Arizona High Intensity Drug Trafficking Area Drug Market Analysis 2011,2011,PDF p. 8,"The Arizona HIDTA region is a major entry point for illicit drugs, particularly marijuana and heroin, transported from Mexico to the United States.",2010,2011
ndic-arizona-heroin-01,heroin,,,MEX,,AZ,,ndic_market_analysis,ndic-dma-arizona_2011,https://www.justice.gov/archive/ndic/dmas/Arizona_DMA-2011(U).pdf,"U.S. Department of Justice, National Drug Intelligence Center",Arizona High Intensity Drug Trafficking Area Drug Market Analysis 2011,2011,PDF p. 8,"The Arizona HIDTA region is a major entry point for illicit drugs, particularly marijuana and heroin, transported from Mexico to the United States.",2010,2011
ndic-atlanta-meth-01,meth,,,MEX,Atlanta,GA,,ndic_market_analysis,ndic-dma-atlanta_2011,https://www.justice.gov/archive/ndic/dmas/Atlanta_DMA-2011(U).pdf,"U.S. Department of Justice, National Drug Intelligence Center",Atlanta High Intensity Drug Trafficking Area Drug Market Analysis 2011,2011,PDF p. 11,Mexican DTOs transport methamphetamine … from Mexico and the Southwest Border area to the Atlanta area.,2010,2011
ndic-atlanta-cannabis-01,cannabis,,CA,,Atlanta,GA,,ndic_market_analysis,ndic-dma-atlanta_2011,https://www.justice.gov/archive/ndic/dmas/Atlanta_DMA-2011(U).pdf,"U.S. Department of Justice, National Drug Intelligence Center",Atlanta High Intensity Drug Trafficking Area Drug Market Analysis 2011,2011,PDF p. 18 (Atlanta HIDTA region),Drug traffickers transport additional quantities of high-potency marijuana into the region from California and Canada,2010,2011
ndic-atlanta-cannabis-02,cannabis,,,CAN,Atlanta,GA,,ndic_market_analysis,ndic-dma-atlanta_2011,https://www.justice.gov/archive/ndic/dmas/Atlanta_DMA-2011(U).pdf,"U.S. Department of Justice, National Drug Intelligence Center",Atlanta High Intensity Drug Trafficking Area Drug Market Analysis 2011,2011,PDF p. 18 (Atlanta HIDTA region),Drug traffickers transport additional quantities of high-potency marijuana into the region from California and Canada,2010,2011
ndic-chicago-cannabis-01,cannabis,,CA,,Chicago,IL,,ndic_market_analysis,ndic-dma-chicago_2011,https://www.justice.gov/archive/ndic/dmas/Chicago_DMA-2011(U).pdf,"U.S. Department of Justice, National Drug Intelligence Center",Chicago High Intensity Drug Trafficking Area Drug Market Analysis 2011,2011,PDF p. 10 (Chicago HIDTA region),"traffickers from western states are transporting high-potency marijuana, including that which is illicitly produced under the guise of medical marijuana laws, to the region from California, Colorado, and Oregon",2010,2011
ndic-chicago-cannabis-02,cannabis,,CO,,Chicago,IL,,ndic_market_analysis,ndic-dma-chicago_2011,https://www.justice.gov/archive/ndic/dmas/Chicago_DMA-2011(U).pdf,"U.S. Department of Justice, National Drug Intelligence Center",Chicago High Intensity Drug Trafficking Area Drug Market Analysis 2011,2011,PDF p. 10 (Chicago HIDTA region),"traffickers from western states are transporting high-potency marijuana, including that which is illicitly produced under the guise of medical marijuana laws, to the region from California, Colorado, and Oregon",2010,2011
ndic-chicago-cannabis-03,cannabis,,OR,,Chicago,IL,,ndic_market_analysis,ndic-dma-chicago_2011,https://www.justice.gov/archive/ndic/dmas/Chicago_DMA-2011(U).pdf,"U.S. Department of Justice, National Drug Intelligence Center",Chicago High Intensity Drug Trafficking Area Drug Market Analysis 2011,2011,PDF p. 10 (Chicago HIDTA region),"traffickers from western states are transporting high-potency marijuana, including that which is illicitly produced under the guise of medical marijuana laws, to the region from California, Colorado, and Oregon",2010,2011
ndic-chicago-cannabis-04,cannabis,,,CAN,Chicago,IL,,ndic_market_analysis,ndic-dma-chicago_2011,https://www.justice.gov/archive/ndic/dmas/Chicago_DMA-2011(U).pdf,"U.S. Department of Justice, National Drug Intelligence Center",Chicago High Intensity Drug Trafficking Area Drug Market Analysis 2011,2011,PDF p. 14 (Chicago HIDTA region),The amount of marijuana transported into the region from Canada and western states is increasing,2010,2011
ndic-gulf-coast-cannabis-01,cannabis,,CO,,,AR,,ndic_market_analysis,ndic-dma-gulf_coast_2011,https://www.justice.gov/archive/ndic/dmas/Gulf_Coast_DMA-2011(U).pdf,"U.S. Department of Justice, National Drug Intelligence Center",Gulf Coast High Intensity Drug Trafficking Area Drug Market Analysis 2011,2011,PDF p. 16,"Gulf Coast HIDTA officials report that the diversion and subsequent distribution and abuse of medical marijuana from sources in Colorado have become a concern, particularly in Arkansas.",2010,2011
ndic-los-angeles-meth-01,meth,,,MEX,Los Angeles,CA,,ndic_market_analysis,ndic-dma-los_angeles_2011,https://www.justice.gov/archive/ndic/dmas/Los_Angeles_DMA-2011(U).pdf,"U.S. Department of Justice, National Drug Intelligence Center",Los Angeles High Intensity Drug Trafficking Area Drug Market Analysis 2011,2011,PDF p. 8,overall methamphetamine availability has remained high because Mexican DTOs are smuggling large quantities of the drug from Mexico into and through the region,2010,2011
ndic-los-angeles-cocaine-01,cocaine,,,MEX,Los Angeles,CA,,ndic_market_analysis,ndic-dma-los_angeles_2011,https://www.justice.gov/archive/ndic/dmas/Los_Angeles_DMA-2011(U).pdf,"U.S. Department of Justice, National Drug Intelligence Center",Los Angeles High Intensity Drug Trafficking Area Drug Market Analysis 2011,2011,PDF p. 13,"Wholesale cocaine availability is high, as the region is a primary transit zone for cocaine smuggled from Mexico.",2010,2011
ndic-los-angeles-cocaine-02,cocaine,Los Angeles,CA,,,,CAN,ndic_market_analysis,ndic-dma-los_angeles_2011,https://www.justice.gov/archive/ndic/dmas/Los_Angeles_DMA-2011(U).pdf,"U.S. Department of Justice, National Drug Intelligence Center",Los Angeles High Intensity Drug Trafficking Area Drug Market Analysis 2011,2011,PDF p. 13,High availability and low prices in the region support wholesale distribution operations that extend to drug markets throughout the nation and even to Canada.,2010,2011
ndic-michigan-cocaine-01,cocaine,Chicago,IL,,,MI,,ndic_market_analysis,ndic-dma-michigan_2011,https://www.justice.gov/archive/ndic/dmas/Michigan_DMA-2011(U).pdf,"U.S. Department of Justice, National Drug Intelligence Center",Michigan High Intensity Drug Trafficking Area Drug Market Analysis 2011,2011,PDF p. 16,"wholesale level in the Michigan HIDTA region … They transport powder cocaine and marijuana from various drug markets in the United States, such as Chicago and Atlanta",2010,2011
ndic-michigan-cocaine-02,cocaine,Atlanta,GA,,,MI,,ndic_market_analysis,ndic-dma-michigan_2011,https://www.justice.gov/archive/ndic/dmas/Michigan_DMA-2011(U).pdf,"U.S. Department of Justice, National Drug Intelligence Center",Michigan High Intensity Drug Trafficking Area Drug Market Analysis 2011,2011,PDF p. 16,"wholesale level in the Michigan HIDTA region … They transport powder cocaine and marijuana from various drug markets in the United States, such as Chicago and Atlanta",2010,2011
ndic-michigan-cannabis-01,cannabis,Chicago,IL,,,MI,,ndic_market_analysis,ndic-dma-michigan_2011,https://www.justice.gov/archive/ndic/dmas/Michigan_DMA-2011(U).pdf,"U.S. Department of Justice, National Drug Intelligence Center",Michigan High Intensity Drug Trafficking Area Drug Market Analysis 2011,2011,PDF p. 16,"wholesale level in the Michigan HIDTA region … They transport powder cocaine and marijuana from various drug markets in the United States, such as Chicago and Atlanta",2010,2011
ndic-michigan-cannabis-02,cannabis,Atlanta,GA,,,MI,,ndic_market_analysis,ndic-dma-michigan_2011,https://www.justice.gov/archive/ndic/dmas/Michigan_DMA-2011(U).pdf,"U.S. Department of Justice, National Drug Intelligence Center",Michigan High Intensity Drug Trafficking Area Drug Market Analysis 2011,2011,PDF p. 16,"wholesale level in the Michigan HIDTA region … They transport powder cocaine and marijuana from various drug markets in the United States, such as Chicago and Atlanta",2010,2011
ndic-midwest-cocaine-01,cocaine,El Paso,TX,,Kansas City,KS,,ndic_market_analysis,ndic-dma-midwest_2011,https://www.justice.gov/archive/ndic/dmas/Midwest_DMA-2011(U).pdf,"U.S. Department of Justice, National Drug Intelligence Center",Midwest High Intensity Drug Trafficking Area Drug Market Analysis 2011,2011,PDF p. 20,"obtain powder cocaine for conversion from … Mexican wholesale and midlevel dealers in Kansas City (KS) … Mexican wholesale and midlevel dealers are typically supplied by sources in the El Paso, Los Angeles, Phoenix, and Tucson areas.",2010,2011
ndic-midwest-cocaine-02,cocaine,Los Angeles,CA,,Kansas City,KS,,ndic_market_analysis,ndic-dma-midwest_2011,https://www.justice.gov/archive/ndic/dmas/Midwest_DMA-2011(U).pdf,"U.S. Department of Justice, National Drug Intelligence Center",Midwest High Intensity Drug Trafficking Area Drug Market Analysis 2011,2011,PDF p. 20,"obtain powder cocaine for conversion from … Mexican wholesale and midlevel dealers in Kansas City (KS) … Mexican wholesale and midlevel dealers are typically supplied by sources in the El Paso, Los Angeles, Phoenix, and Tucson areas.",2010,2011
ndic-midwest-cocaine-03,cocaine,Phoenix,AZ,,Kansas City,KS,,ndic_market_analysis,ndic-dma-midwest_2011,https://www.justice.gov/archive/ndic/dmas/Midwest_DMA-2011(U).pdf,"U.S. Department of Justice, National Drug Intelligence Center",Midwest High Intensity Drug Trafficking Area Drug Market Analysis 2011,2011,PDF p. 20,"obtain powder cocaine for conversion from … Mexican wholesale and midlevel dealers in Kansas City (KS) … Mexican wholesale and midlevel dealers are typically supplied by sources in the El Paso, Los Angeles, Phoenix, and Tucson areas.",2010,2011
ndic-midwest-cocaine-04,cocaine,Tucson,AZ,,Kansas City,KS,,ndic_market_analysis,ndic-dma-midwest_2011,https://www.justice.gov/archive/ndic/dmas/Midwest_DMA-2011(U).pdf,"U.S. Department of Justice, National Drug Intelligence Center",Midwest High Intensity Drug Trafficking Area Drug Market Analysis 2011,2011,PDF p. 20,"obtain powder cocaine for conversion from … Mexican wholesale and midlevel dealers in Kansas City (KS) … Mexican wholesale and midlevel dealers are typically supplied by sources in the El Paso, Los Angeles, Phoenix, and Tucson areas.",2010,2011
ndic-midwest-cocaine-05,cocaine,Omaha,NE,,,IA,,ndic_market_analysis,ndic-dma-midwest_2011,https://www.justice.gov/archive/ndic/dmas/Midwest_DMA-2011(U).pdf,"U.S. Department of Justice, National Drug Intelligence Center",Midwest High Intensity Drug Trafficking Area Drug Market Analysis 2011,2011,PDF p. 20,"cocaine, methamphetamine, and marijuana are distributed from Omaha to neighboring states, including Iowa and South Dakota",2010,2011
ndic-midwest-cocaine-06,cocaine,Omaha,NE,,,SD,,ndic_market_analysis,ndic-dma-midwest_2011,https://www.justice.gov/archive/ndic/dmas/Midwest_DMA-2011(U).pdf,"U.S. Department of Justice, National Drug Intelligence Center",Midwest High Intensity Drug Trafficking Area Drug Market Analysis 2011,2011,PDF p. 20,"cocaine, methamphetamine, and marijuana are distributed from Omaha to neighboring states, including Iowa and South Dakota",2010,2011
ndic-midwest-meth-01,meth,Omaha,NE,,,IA,,ndic_market_analysis,ndic-dma-midwest_2011,https://www.justice.gov/archive/ndic/dmas/Midwest_DMA-2011(U).pdf,"U.S. Department of Justice, National Drug Intelligence Center",Midwest High Intensity Drug Trafficking Area Drug Market Analysis 2011,2011,PDF p. 20,"cocaine, methamphetamine, and marijuana are distributed from Omaha to neighboring states, including Iowa and South Dakota",2010,2011
ndic-midwest-meth-02,meth,Omaha,NE,,,SD,,ndic_market_analysis,ndic-dma-midwest_2011,https://www.justice.gov/archive/ndic/dmas/Midwest_DMA-2011(U).pdf,"U.S. Department of Justice, National Drug Intelligence Center",Midwest High Intensity Drug Trafficking Area Drug Market Analysis 2011,2011,PDF p. 20,"cocaine, methamphetamine, and marijuana are distributed from Omaha to neighboring states, including Iowa and South Dakota",2010,2011
ndic-midwest-cannabis-01,cannabis,Omaha,NE,,,IA,,ndic_market_analysis,ndic-dma-midwest_2011,https://www.justice.gov/archive/ndic/dmas/Midwest_DMA-2011(U).pdf,"U.S. Department of Justice, National Drug Intelligence Center",Midwest High Intensity Drug Trafficking Area Drug Market Analysis 2011,2011,PDF p. 20,"cocaine, methamphetamine, and marijuana are distributed from Omaha to neighboring states, including Iowa and South Dakota",2010,2011
ndic-midwest-cannabis-02,cannabis,Omaha,NE,,,SD,,ndic_market_analysis,ndic-dma-midwest_2011,https://www.justice.gov/archive/ndic/dmas/Midwest_DMA-2011(U).pdf,"U.S. Department of Justice, National Drug Intelligence Center",Midwest High Intensity Drug Trafficking Area Drug Market Analysis 2011,2011,PDF p. 20,"cocaine, methamphetamine, and marijuana are distributed from Omaha to neighboring states, including Iowa and South Dakota",2010,2011
ndic-midwest-meth-03,meth,,,MEX,Omaha,NE,,ndic_market_analysis,ndic-dma-midwest_2011,https://www.justice.gov/archive/ndic/dmas/Midwest_DMA-2011(U).pdf,"U.S. Department of Justice, National Drug Intelligence Center",Midwest High Intensity Drug Trafficking Area Drug Market Analysis 2011,2011,PDF p. 20,"transport wholesale quantities of methamphetamine, powder cocaine, and marijuana to and through Omaha from distribution hubs in the state of Sinaloa, Mexico",2010,2011
ndic-midwest-cocaine-07,cocaine,,,MEX,Omaha,NE,,ndic_market_analysis,ndic-dma-midwest_2011,https://www.justice.gov/archive/ndic/dmas/Midwest_DMA-2011(U).pdf,"U.S. Department of Justice, National Drug Intelligence Center",Midwest High Intensity Drug Trafficking Area Drug Market Analysis 2011,2011,PDF p. 20,"transport wholesale quantities of methamphetamine, powder cocaine, and marijuana to and through Omaha from distribution hubs in the state of Sinaloa, Mexico",2010,2011
ndic-midwest-cannabis-03,cannabis,,,MEX,Omaha,NE,,ndic_market_analysis,ndic-dma-midwest_2011,https://www.justice.gov/archive/ndic/dmas/Midwest_DMA-2011(U).pdf,"U.S. Department of Justice, National Drug Intelligence Center",Midwest High Intensity Drug Trafficking Area Drug Market Analysis 2011,2011,PDF p. 20,"transport wholesale quantities of methamphetamine, powder cocaine, and marijuana to and through Omaha from distribution hubs in the state of Sinaloa, Mexico",2010,2011
ndic-midwest-cocaine-08,cocaine,St. Louis,MO,,,IL,,ndic_market_analysis,ndic-dma-midwest_2011,https://www.justice.gov/archive/ndic/dmas/Midwest_DMA-2011(U).pdf,"U.S. Department of Justice, National Drug Intelligence Center",Midwest High Intensity Drug Trafficking Area Drug Market Analysis 2011,2011,PDF p. 21 (St. Louis),"serves as a transshipment and distribution hub for Mexican traffickers who supply cocaine, heroin, marijuana, and methamphetamine throughout Missouri and to markets in other states, including Illinois, Iowa, Kansas, Nebraska, and Wisconsin.",2010,2011
ndic-midwest-cocaine-09,cocaine,St. Louis,MO,,,IA,,ndic_market_analysis,ndic-dma-midwest_2011,https://www.justice.gov/archive/ndic/dmas/Midwest_DMA-2011(U).pdf,"U.S. Department of Justice, National Drug Intelligence Center",Midwest High Intensity Drug Trafficking Area Drug Market Analysis 2011,2011,PDF p. 21 (St. Louis),"serves as a transshipment and distribution hub for Mexican traffickers who supply cocaine, heroin, marijuana, and methamphetamine throughout Missouri and to markets in other states, including Illinois, Iowa, Kansas, Nebraska, and Wisconsin.",2010,2011
ndic-midwest-cocaine-10,cocaine,St. Louis,MO,,,KS,,ndic_market_analysis,ndic-dma-midwest_2011,https://www.justice.gov/archive/ndic/dmas/Midwest_DMA-2011(U).pdf,"U.S. Department of Justice, National Drug Intelligence Center",Midwest High Intensity Drug Trafficking Area Drug Market Analysis 2011,2011,PDF p. 21 (St. Louis),"serves as a transshipment and distribution hub for Mexican traffickers who supply cocaine, heroin, marijuana, and methamphetamine throughout Missouri and to markets in other states, including Illinois, Iowa, Kansas, Nebraska, and Wisconsin.",2010,2011
ndic-midwest-cocaine-11,cocaine,St. Louis,MO,,,NE,,ndic_market_analysis,ndic-dma-midwest_2011,https://www.justice.gov/archive/ndic/dmas/Midwest_DMA-2011(U).pdf,"U.S. Department of Justice, National Drug Intelligence Center",Midwest High Intensity Drug Trafficking Area Drug Market Analysis 2011,2011,PDF p. 21 (St. Louis),"serves as a transshipment and distribution hub for Mexican traffickers who supply cocaine, heroin, marijuana, and methamphetamine throughout Missouri and to markets in other states, including Illinois, Iowa, Kansas, Nebraska, and Wisconsin.",2010,2011
ndic-midwest-cocaine-12,cocaine,St. Louis,MO,,,WI,,ndic_market_analysis,ndic-dma-midwest_2011,https://www.justice.gov/archive/ndic/dmas/Midwest_DMA-2011(U).pdf,"U.S. Department of Justice, National Drug Intelligence Center",Midwest High Intensity Drug Trafficking Area Drug Market Analysis 2011,2011,PDF p. 21 (St. Louis),"serves as a transshipment and distribution hub for Mexican traffickers who supply cocaine, heroin, marijuana, and methamphetamine throughout Missouri and to markets in other states, including Illinois, Iowa, Kansas, Nebraska, and Wisconsin.",2010,2011
ndic-midwest-heroin-01,heroin,St. Louis,MO,,,IL,,ndic_market_analysis,ndic-dma-midwest_2011,https://www.justice.gov/archive/ndic/dmas/Midwest_DMA-2011(U).pdf,"U.S. Department of Justice, National Drug Intelligence Center",Midwest High Intensity Drug Trafficking Area Drug Market Analysis 2011,2011,PDF p. 21 (St. Louis),"serves as a transshipment and distribution hub for Mexican traffickers who supply cocaine, heroin, marijuana, and methamphetamine throughout Missouri and to markets in other states, including Illinois, Iowa, Kansas, Nebraska, and Wisconsin.",2010,2011
ndic-midwest-heroin-02,heroin,St. Louis,MO,,,IA,,ndic_market_analysis,ndic-dma-midwest_2011,https://www.justice.gov/archive/ndic/dmas/Midwest_DMA-2011(U).pdf,"U.S. Department of Justice, National Drug Intelligence Center",Midwest High Intensity Drug Trafficking Area Drug Market Analysis 2011,2011,PDF p. 21 (St. Louis),"serves as a transshipment and distribution hub for Mexican traffickers who supply cocaine, heroin, marijuana, and methamphetamine throughout Missouri and to markets in other states, including Illinois, Iowa, Kansas, Nebraska, and Wisconsin.",2010,2011
ndic-midwest-heroin-03,heroin,St. Louis,MO,,,KS,,ndic_market_analysis,ndic-dma-midwest_2011,https://www.justice.gov/archive/ndic/dmas/Midwest_DMA-2011(U).pdf,"U.S. Department of Justice, National Drug Intelligence Center",Midwest High Intensity Drug Trafficking Area Drug Market Analysis 2011,2011,PDF p. 21 (St. Louis),"serves as a transshipment and distribution hub for Mexican traffickers who supply cocaine, heroin, marijuana, and methamphetamine throughout Missouri and to markets in other states, including Illinois, Iowa, Kansas, Nebraska, and Wisconsin.",2010,2011
ndic-midwest-heroin-04,heroin,St. Louis,MO,,,NE,,ndic_market_analysis,ndic-dma-midwest_2011,https://www.justice.gov/archive/ndic/dmas/Midwest_DMA-2011(U).pdf,"U.S. Department of Justice, National Drug Intelligence Center",Midwest High Intensity Drug Trafficking Area Drug Market Analysis 2011,2011,PDF p. 21 (St. Louis),"serves as a transshipment and distribution hub for Mexican traffickers who supply cocaine, heroin, marijuana, and methamphetamine throughout Missouri and to markets in other states, including Illinois, Iowa, Kansas, Nebraska, and Wisconsin.",2010,2011
ndic-midwest-heroin-05,heroin,St. Louis,MO,,,WI,,ndic_market_analysis,ndic-dma-midwest_2011,https://www.justice.gov/archive/ndic/dmas/Midwest_DMA-2011(U).pdf,"U.S. Department of Justice, National Drug Intelligence Center",Midwest High Intensity Drug Trafficking Area Drug Market Analysis 2011,2011,PDF p. 21 (St. Louis),"serves as a transshipment and distribution hub for Mexican traffickers who supply cocaine, heroin, marijuana, and methamphetamine throughout Missouri and to markets in other states, including Illinois, Iowa, Kansas, Nebraska, and Wisconsin.",2010,2011
ndic-midwest-cannabis-04,cannabis,St. Louis,MO,,,IL,,ndic_market_analysis,ndic-dma-midwest_2011,https://www.justice.gov/archive/ndic/dmas/Midwest_DMA-2011(U).pdf,"U.S. Department of Justice, National Drug Intelligence Center",Midwest High Intensity Drug Trafficking Area Drug Market Analysis 2011,2011,PDF p. 21 (St. Louis),"serves as a transshipment and distribution hub for Mexican traffickers who supply cocaine, heroin, marijuana, and methamphetamine throughout Missouri and to markets in other states, including Illinois, Iowa, Kansas, Nebraska, and Wisconsin.",2010,2011
ndic-midwest-cannabis-05,cannabis,St. Louis,MO,,,IA,,ndic_market_analysis,ndic-dma-midwest_2011,https://www.justice.gov/archive/ndic/dmas/Midwest_DMA-2011(U).pdf,"U.S. Department of Justice, National Drug Intelligence Center",Midwest High Intensity Drug Trafficking Area Drug Market Analysis 2011,2011,PDF p. 21 (St. Louis),"serves as a transshipment and distribution hub for Mexican traffickers who supply cocaine, heroin, marijuana, and methamphetamine throughout Missouri and to markets in other states, including Illinois, Iowa, Kansas, Nebraska, and Wisconsin.",2010,2011
ndic-midwest-cannabis-06,cannabis,St. Louis,MO,,,KS,,ndic_market_analysis,ndic-dma-midwest_2011,https://www.justice.gov/archive/ndic/dmas/Midwest_DMA-2011(U).pdf,"U.S. Department of Justice, National Drug Intelligence Center",Midwest High Intensity Drug Trafficking Area Drug Market Analysis 2011,2011,PDF p. 21 (St. Louis),"serves as a transshipment and distribution hub for Mexican traffickers who supply cocaine, heroin, marijuana, and methamphetamine throughout Missouri and to markets in other states, including Illinois, Iowa, Kansas, Nebraska, and Wisconsin.",2010,2011
ndic-midwest-cannabis-07,cannabis,St. Louis,MO,,,NE,,ndic_market_analysis,ndic-dma-midwest_2011,https://www.justice.gov/archive/ndic/dmas/Midwest_DMA-2011(U).pdf,"U.S. Department of Justice, National Drug Intelligence Center",Midwest High Intensity Drug Trafficking Area Drug Market Analysis 2011,2011,PDF p. 21 (St. Louis),"serves as a transshipment and distribution hub for Mexican traffickers who supply cocaine, heroin, marijuana, and methamphetamine throughout Missouri and to markets in other states, including Illinois, Iowa, Kansas, Nebraska, and Wisconsin.",2010,2011
ndic-midwest-cannabis-08,cannabis,St. Louis,MO,,,WI,,ndic_market_analysis,ndic-dma-midwest_2011,https://www.justice.gov/archive/ndic/dmas/Midwest_DMA-2011(U).pdf,"U.S. Department of Justice, National Drug Intelligence Center",Midwest High Intensity Drug Trafficking Area Drug Market Analysis 2011,2011,PDF p. 21 (St. Louis),"serves as a transshipment and distribution hub for Mexican traffickers who supply cocaine, heroin, marijuana, and methamphetamine throughout Missouri and to markets in other states, including Illinois, Iowa, Kansas, Nebraska, and Wisconsin.",2010,2011
ndic-midwest-meth-04,meth,St. Louis,MO,,,IL,,ndic_market_analysis,ndic-dma-midwest_2011,https://www.justice.gov/archive/ndic/dmas/Midwest_DMA-2011(U).pdf,"U.S. Department of Justice, National Drug Intelligence Center",Midwest High Intensity Drug Trafficking Area Drug Market Analysis 2011,2011,PDF p. 21 (St. Louis),"serves as a transshipment and distribution hub for Mexican traffickers who supply cocaine, heroin, marijuana, and methamphetamine throughout Missouri and to markets in other states, including Illinois, Iowa, Kansas, Nebraska, and Wisconsin.",2010,2011
ndic-midwest-meth-05,meth,St. Louis,MO,,,IA,,ndic_market_analysis,ndic-dma-midwest_2011,https://www.justice.gov/archive/ndic/dmas/Midwest_DMA-2011(U).pdf,"U.S. Department of Justice, National Drug Intelligence Center",Midwest High Intensity Drug Trafficking Area Drug Market Analysis 2011,2011,PDF p. 21 (St. Louis),"serves as a transshipment and distribution hub for Mexican traffickers who supply cocaine, heroin, marijuana, and methamphetamine throughout Missouri and to markets in other states, including Illinois, Iowa, Kansas, Nebraska, and Wisconsin.",2010,2011
ndic-midwest-meth-06,meth,St. Louis,MO,,,KS,,ndic_market_analysis,ndic-dma-midwest_2011,https://www.justice.gov/archive/ndic/dmas/Midwest_DMA-2011(U).pdf,"U.S. Department of Justice, National Drug Intelligence Center",Midwest High Intensity Drug Trafficking Area Drug Market Analysis 2011,2011,PDF p. 21 (St. Louis),"serves as a transshipment and distribution hub for Mexican traffickers who supply cocaine, heroin, marijuana, and methamphetamine throughout Missouri and to markets in other states, including Illinois, Iowa, Kansas, Nebraska, and Wisconsin.",2010,2011
ndic-midwest-meth-07,meth,St. Louis,MO,,,NE,,ndic_market_analysis,ndic-dma-midwest_2011,https://www.justice.gov/archive/ndic/dmas/Midwest_DMA-2011(U).pdf,"U.S. Department of Justice, National Drug Intelligence Center",Midwest High Intensity Drug Trafficking Area Drug Market Analysis 2011,2011,PDF p. 21 (St. Louis),"serves as a transshipment and distribution hub for Mexican traffickers who supply cocaine, heroin, marijuana, and methamphetamine throughout Missouri and to markets in other states, including Illinois, Iowa, Kansas, Nebraska, and Wisconsin.",2010,2011
ndic-midwest-meth-08,meth,St. Louis,MO,,,WI,,ndic_market_analysis,ndic-dma-midwest_2011,https://www.justice.gov/archive/ndic/dmas/Midwest_DMA-2011(U).pdf,"U.S. Department of Justice, National Drug Intelligence Center",Midwest High Intensity Drug Trafficking Area Drug Market Analysis 2011,2011,PDF p. 21 (St. Louis),"serves as a transshipment and distribution hub for Mexican traffickers who supply cocaine, heroin, marijuana, and methamphetamine throughout Missouri and to markets in other states, including Illinois, Iowa, Kansas, Nebraska, and Wisconsin.",2010,2011
ndic-midwest-heroin-06,heroin,Atlanta,GA,,St. Louis,MO,,ndic_market_analysis,ndic-dma-midwest_2011,https://www.justice.gov/archive/ndic/dmas/Midwest_DMA-2011(U).pdf,"U.S. Department of Justice, National Drug Intelligence Center",Midwest High Intensity Drug Trafficking Area Drug Market Analysis 2011,2011,PDF p. 21,"Mexican DTOs in St. Louis have primary sources of supply in Phoenix and Tucson; they also acquire heroin, cocaine, methamphetamine, and marijuana from sources in Atlanta, Chicago, Dallas, Denver, El Paso, Houston, and Los Angeles.",2010,2011
ndic-midwest-heroin-07,heroin,Chicago,IL,,St. Louis,MO,,ndic_market_analysis,ndic-dma-midwest_2011,https://www.justice.gov/archive/ndic/dmas/Midwest_DMA-2011(U).pdf,"U.S. Department of Justice, National Drug Intelligence Center",Midwest High Intensity Drug Trafficking Area Drug Market Analysis 2011,2011,PDF p. 21,"Mexican DTOs in St. Louis have primary sources of supply in Phoenix and Tucson; they also acquire heroin, cocaine, methamphetamine, and marijuana from sources in Atlanta, Chicago, Dallas, Denver, El Paso, Houston, and Los Angeles.",2010,2011
ndic-midwest-heroin-08,heroin,Dallas,TX,,St. Louis,MO,,ndic_market_analysis,ndic-dma-midwest_2011,https://www.justice.gov/archive/ndic/dmas/Midwest_DMA-2011(U).pdf,"U.S. Department of Justice, National Drug Intelligence Center",Midwest High Intensity Drug Trafficking Area Drug Market Analysis 2011,2011,PDF p. 21,"Mexican DTOs in St. Louis have primary sources of supply in Phoenix and Tucson; they also acquire heroin, cocaine, methamphetamine, and marijuana from sources in Atlanta, Chicago, Dallas, Denver, El Paso, Houston, and Los Angeles.",2010,2011
ndic-midwest-heroin-09,heroin,Denver,CO,,St. Louis,MO,,ndic_market_analysis,ndic-dma-midwest_2011,https://www.justice.gov/archive/ndic/dmas/Midwest_DMA-2011(U).pdf,"U.S. Department of Justice, National Drug Intelligence Center",Midwest High Intensity Drug Trafficking Area Drug Market Analysis 2011,2011,PDF p. 21,"Mexican DTOs in St. Louis have primary sources of supply in Phoenix and Tucson; they also acquire heroin, cocaine, methamphetamine, and marijuana from sources in Atlanta, Chicago, Dallas, Denver, El Paso, Houston, and Los Angeles.",2010,2011
ndic-midwest-heroin-10,heroin,El Paso,TX,,St. Louis,MO,,ndic_market_analysis,ndic-dma-midwest_2011,https://www.justice.gov/archive/ndic/dmas/Midwest_DMA-2011(U).pdf,"U.S. Department of Justice, National Drug Intelligence Center",Midwest High Intensity Drug Trafficking Area Drug Market Analysis 2011,2011,PDF p. 21,"Mexican DTOs in St. Louis have primary sources of supply in Phoenix and Tucson; they also acquire heroin, cocaine, methamphetamine, and marijuana from sources in Atlanta, Chicago, Dallas, Denver, El Paso, Houston, and Los Angeles.",2010,2011
ndic-midwest-heroin-11,heroin,Houston,TX,,St. Louis,MO,,ndic_market_analysis,ndic-dma-midwest_2011,https://www.justice.gov/archive/ndic/dmas/Midwest_DMA-2011(U).pdf,"U.S. Department of Justice, National Drug Intelligence Center",Midwest High Intensity Drug Trafficking Area Drug Market Analysis 2011,2011,PDF p. 21,"Mexican DTOs in St. Louis have primary sources of supply in Phoenix and Tucson; they also acquire heroin, cocaine, methamphetamine, and marijuana from sources in Atlanta, Chicago, Dallas, Denver, El Paso, Houston, and Los Angeles.",2010,2011
ndic-midwest-heroin-12,heroin,Los Angeles,CA,,St. Louis,MO,,ndic_market_analysis,ndic-dma-midwest_2011,https://www.justice.gov/archive/ndic/dmas/Midwest_DMA-2011(U).pdf,"U.S. Department of Justice, National Drug Intelligence Center",Midwest High Intensity Drug Trafficking Area Drug Market Analysis 2011,2011,PDF p. 21,"Mexican DTOs in St. Louis have primary sources of supply in Phoenix and Tucson; they also acquire heroin, cocaine, methamphetamine, and marijuana from sources in Atlanta, Chicago, Dallas, Denver, El Paso, Houston, and Los Angeles.",2010,2011
ndic-midwest-cocaine-13,cocaine,Atlanta,GA,,St. Louis,MO,,ndic_market_analysis,ndic-dma-midwest_2011,https://www.justice.gov/archive/ndic/dmas/Midwest_DMA-2011(U).pdf,"U.S. Department of Justice, National Drug Intelligence Center",Midwest High Intensity Drug Trafficking Area Drug Market Analysis 2011,2011,PDF p. 21,"Mexican DTOs in St. Louis have primary sources of supply in Phoenix and Tucson; they also acquire heroin, cocaine, methamphetamine, and marijuana from sources in Atlanta, Chicago, Dallas, Denver, El Paso, Houston, and Los Angeles.",2010,2011
ndic-midwest-cocaine-14,cocaine,Chicago,IL,,St. Louis,MO,,ndic_market_analysis,ndic-dma-midwest_2011,https://www.justice.gov/archive/ndic/dmas/Midwest_DMA-2011(U).pdf,"U.S. Department of Justice, National Drug Intelligence Center",Midwest High Intensity Drug Trafficking Area Drug Market Analysis 2011,2011,PDF p. 21,"Mexican DTOs in St. Louis have primary sources of supply in Phoenix and Tucson; they also acquire heroin, cocaine, methamphetamine, and marijuana from sources in Atlanta, Chicago, Dallas, Denver, El Paso, Houston, and Los Angeles.",2010,2011
ndic-midwest-cocaine-15,cocaine,Dallas,TX,,St. Louis,MO,,ndic_market_analysis,ndic-dma-midwest_2011,https://www.justice.gov/archive/ndic/dmas/Midwest_DMA-2011(U).pdf,"U.S. Department of Justice, National Drug Intelligence Center",Midwest High Intensity Drug Trafficking Area Drug Market Analysis 2011,2011,PDF p. 21,"Mexican DTOs in St. Louis have primary sources of supply in Phoenix and Tucson; they also acquire heroin, cocaine, methamphetamine, and marijuana from sources in Atlanta, Chicago, Dallas, Denver, El Paso, Houston, and Los Angeles.",2010,2011
ndic-midwest-cocaine-16,cocaine,Denver,CO,,St. Louis,MO,,ndic_market_analysis,ndic-dma-midwest_2011,https://www.justice.gov/archive/ndic/dmas/Midwest_DMA-2011(U).pdf,"U.S. Department of Justice, National Drug Intelligence Center",Midwest High Intensity Drug Trafficking Area Drug Market Analysis 2011,2011,PDF p. 21,"Mexican DTOs in St. Louis have primary sources of supply in Phoenix and Tucson; they also acquire heroin, cocaine, methamphetamine, and marijuana from sources in Atlanta, Chicago, Dallas, Denver, El Paso, Houston, and Los Angeles.",2010,2011
ndic-midwest-cocaine-17,cocaine,El Paso,TX,,St. Louis,MO,,ndic_market_analysis,ndic-dma-midwest_2011,https://www.justice.gov/archive/ndic/dmas/Midwest_DMA-2011(U).pdf,"U.S. Department of Justice, National Drug Intelligence Center",Midwest High Intensity Drug Trafficking Area Drug Market Analysis 2011,2011,PDF p. 21,"Mexican DTOs in St. Louis have primary sources of supply in Phoenix and Tucson; they also acquire heroin, cocaine, methamphetamine, and marijuana from sources in Atlanta, Chicago, Dallas, Denver, El Paso, Houston, and Los Angeles.",2010,2011
ndic-midwest-cocaine-18,cocaine,Houston,TX,,St. Louis,MO,,ndic_market_analysis,ndic-dma-midwest_2011,https://www.justice.gov/archive/ndic/dmas/Midwest_DMA-2011(U).pdf,"U.S. Department of Justice, National Drug Intelligence Center",Midwest High Intensity Drug Trafficking Area Drug Market Analysis 2011,2011,PDF p. 21,"Mexican DTOs in St. Louis have primary sources of supply in Phoenix and Tucson; they also acquire heroin, cocaine, methamphetamine, and marijuana from sources in Atlanta, Chicago, Dallas, Denver, El Paso, Houston, and Los Angeles.",2010,2011
ndic-midwest-cocaine-19,cocaine,Los Angeles,CA,,St. Louis,MO,,ndic_market_analysis,ndic-dma-midwest_2011,https://www.justice.gov/archive/ndic/dmas/Midwest_DMA-2011(U).pdf,"U.S. Department of Justice, National Drug Intelligence Center",Midwest High Intensity Drug Trafficking Area Drug Market Analysis 2011,2011,PDF p. 21,"Mexican DTOs in St. Louis have primary sources of supply in Phoenix and Tucson; they also acquire heroin, cocaine, methamphetamine, and marijuana from sources in Atlanta, Chicago, Dallas, Denver, El Paso, Houston, and Los Angeles.",2010,2011
ndic-midwest-meth-09,meth,Atlanta,GA,,St. Louis,MO,,ndic_market_analysis,ndic-dma-midwest_2011,https://www.justice.gov/archive/ndic/dmas/Midwest_DMA-2011(U).pdf,"U.S. Department of Justice, National Drug Intelligence Center",Midwest High Intensity Drug Trafficking Area Drug Market Analysis 2011,2011,PDF p. 21,"Mexican DTOs in St. Louis have primary sources of supply in Phoenix and Tucson; they also acquire heroin, cocaine, methamphetamine, and marijuana from sources in Atlanta, Chicago, Dallas, Denver, El Paso, Houston, and Los Angeles.",2010,2011
ndic-midwest-meth-10,meth,Chicago,IL,,St. Louis,MO,,ndic_market_analysis,ndic-dma-midwest_2011,https://www.justice.gov/archive/ndic/dmas/Midwest_DMA-2011(U).pdf,"U.S. Department of Justice, National Drug Intelligence Center",Midwest High Intensity Drug Trafficking Area Drug Market Analysis 2011,2011,PDF p. 21,"Mexican DTOs in St. Louis have primary sources of supply in Phoenix and Tucson; they also acquire heroin, cocaine, methamphetamine, and marijuana from sources in Atlanta, Chicago, Dallas, Denver, El Paso, Houston, and Los Angeles.",2010,2011
ndic-midwest-meth-11,meth,Dallas,TX,,St. Louis,MO,,ndic_market_analysis,ndic-dma-midwest_2011,https://www.justice.gov/archive/ndic/dmas/Midwest_DMA-2011(U).pdf,"U.S. Department of Justice, National Drug Intelligence Center",Midwest High Intensity Drug Trafficking Area Drug Market Analysis 2011,2011,PDF p. 21,"Mexican DTOs in St. Louis have primary sources of supply in Phoenix and Tucson; they also acquire heroin, cocaine, methamphetamine, and marijuana from sources in Atlanta, Chicago, Dallas, Denver, El Paso, Houston, and Los Angeles.",2010,2011
ndic-midwest-meth-12,meth,Denver,CO,,St. Louis,MO,,ndic_market_analysis,ndic-dma-midwest_2011,https://www.justice.gov/archive/ndic/dmas/Midwest_DMA-2011(U).pdf,"U.S. Department of Justice, National Drug Intelligence Center",Midwest High Intensity Drug Trafficking Area Drug Market Analysis 2011,2011,PDF p. 21,"Mexican DTOs in St. Louis have primary sources of supply in Phoenix and Tucson; they also acquire heroin, cocaine, methamphetamine, and marijuana from sources in Atlanta, Chicago, Dallas, Denver, El Paso, Houston, and Los Angeles.",2010,2011
ndic-midwest-meth-13,meth,El Paso,TX,,St. Louis,MO,,ndic_market_analysis,ndic-dma-midwest_2011,https://www.justice.gov/archive/ndic/dmas/Midwest_DMA-2011(U).pdf,"U.S. Department of Justice, National Drug Intelligence Center",Midwest High Intensity Drug Trafficking Area Drug Market Analysis 2011,2011,PDF p. 21,"Mexican DTOs in St. Louis have primary sources of supply in Phoenix and Tucson; they also acquire heroin, cocaine, methamphetamine, and marijuana from sources in Atlanta, Chicago, Dallas, Denver, El Paso, Houston, and Los Angeles.",2010,2011
ndic-midwest-meth-14,meth,Houston,TX,,St. Louis,MO,,ndic_market_analysis,ndic-dma-midwest_2011,https://www.justice.gov/archive/ndic/dmas/Midwest_DMA-2011(U).pdf,"U.S. Department of Justice, National Drug Intelligence Center",Midwest High Intensity Drug Trafficking Area Drug Market Analysis 2011,2011,PDF p. 21,"Mexican DTOs in St. Louis have primary sources of supply in Phoenix and Tucson; they also acquire heroin, cocaine, methamphetamine, and marijuana from sources in Atlanta, Chicago, Dallas, Denver, El Paso, Houston, and Los Angeles.",2010,2011
ndic-midwest-meth-15,meth,Los Angeles,CA,,St. Louis,MO,,ndic_market_analysis,ndic-dma-midwest_2011,https://www.justice.gov/archive/ndic/dmas/Midwest_DMA-2011(U).pdf,"U.S. Department of Justice, National Drug Intelligence Center",Midwest High Intensity Drug Trafficking Area Drug Market Analysis 2011,2011,PDF p. 21,"Mexican DTOs in St. Louis have primary sources of supply in Phoenix and Tucson; they also acquire heroin, cocaine, methamphetamine, and marijuana from sources in Atlanta, Chicago, Dallas, Denver, El Paso, Houston, and Los Angeles.",2010,2011
ndic-midwest-cannabis-09,cannabis,Atlanta,GA,,St. Louis,MO,,ndic_market_analysis,ndic-dma-midwest_2011,https://www.justice.gov/archive/ndic/dmas/Midwest_DMA-2011(U).pdf,"U.S. Department of Justice, National Drug Intelligence Center",Midwest High Intensity Drug Trafficking Area Drug Market Analysis 2011,2011,PDF p. 21,"Mexican DTOs in St. Louis have primary sources of supply in Phoenix and Tucson; they also acquire heroin, cocaine, methamphetamine, and marijuana from sources in Atlanta, Chicago, Dallas, Denver, El Paso, Houston, and Los Angeles.",2010,2011
ndic-midwest-cannabis-10,cannabis,Chicago,IL,,St. Louis,MO,,ndic_market_analysis,ndic-dma-midwest_2011,https://www.justice.gov/archive/ndic/dmas/Midwest_DMA-2011(U).pdf,"U.S. Department of Justice, National Drug Intelligence Center",Midwest High Intensity Drug Trafficking Area Drug Market Analysis 2011,2011,PDF p. 21,"Mexican DTOs in St. Louis have primary sources of supply in Phoenix and Tucson; they also acquire heroin, cocaine, methamphetamine, and marijuana from sources in Atlanta, Chicago, Dallas, Denver, El Paso, Houston, and Los Angeles.",2010,2011
ndic-midwest-cannabis-11,cannabis,Dallas,TX,,St. Louis,MO,,ndic_market_analysis,ndic-dma-midwest_2011,https://www.justice.gov/archive/ndic/dmas/Midwest_DMA-2011(U).pdf,"U.S. Department of Justice, National Drug Intelligence Center",Midwest High Intensity Drug Trafficking Area Drug Market Analysis 2011,2011,PDF p. 21,"Mexican DTOs in St. Louis have primary sources of supply in Phoenix and Tucson; they also acquire heroin, cocaine, methamphetamine, and marijuana from sources in Atlanta, Chicago, Dallas, Denver, El Paso, Houston, and Los Angeles.",2010,2011
ndic-midwest-cannabis-12,cannabis,Denver,CO,,St. Louis,MO,,ndic_market_analysis,ndic-dma-midwest_2011,https://www.justice.gov/archive/ndic/dmas/Midwest_DMA-2011(U).pdf,"U.S. Department of Justice, National Drug Intelligence Center",Midwest High Intensity Drug Trafficking Area Drug Market Analysis 2011,2011,PDF p. 21,"Mexican DTOs in St. Louis have primary sources of supply in Phoenix and Tucson; they also acquire heroin, cocaine, methamphetamine, and marijuana from sources in Atlanta, Chicago, Dallas, Denver, El Paso, Houston, and Los Angeles.",2010,2011
ndic-midwest-cannabis-13,cannabis,El Paso,TX,,St. Louis,MO,,ndic_market_analysis,ndic-dma-midwest_2011,https://www.justice.gov/archive/ndic/dmas/Midwest_DMA-2011(U).pdf,"U.S. Department of Justice, National Drug Intelligence Center",Midwest High Intensity Drug Trafficking Area Drug Market Analysis 2011,2011,PDF p. 21,"Mexican DTOs in St. Louis have primary sources of supply in Phoenix and Tucson; they also acquire heroin, cocaine, methamphetamine, and marijuana from sources in Atlanta, Chicago, Dallas, Denver, El Paso, Houston, and Los Angeles.",2010,2011
ndic-midwest-cannabis-14,cannabis,Houston,TX,,St. Louis,MO,,ndic_market_analysis,ndic-dma-midwest_2011,https://www.justice.gov/archive/ndic/dmas/Midwest_DMA-2011(U).pdf,"U.S. Department of Justice, National Drug Intelligence Center",Midwest High Intensity Drug Trafficking Area Drug Market Analysis 2011,2011,PDF p. 21,"Mexican DTOs in St. Louis have primary sources of supply in Phoenix and Tucson; they also acquire heroin, cocaine, methamphetamine, and marijuana from sources in Atlanta, Chicago, Dallas, Denver, El Paso, Houston, and Los Angeles.",2010,2011
ndic-midwest-cannabis-15,cannabis,Los Angeles,CA,,St. Louis,MO,,ndic_market_analysis,ndic-dma-midwest_2011,https://www.justice.gov/archive/ndic/dmas/Midwest_DMA-2011(U).pdf,"U.S. Department of Justice, National Drug Intelligence Center",Midwest High Intensity Drug Trafficking Area Drug Market Analysis 2011,2011,PDF p. 21,"Mexican DTOs in St. Louis have primary sources of supply in Phoenix and Tucson; they also acquire heroin, cocaine, methamphetamine, and marijuana from sources in Atlanta, Chicago, Dallas, Denver, El Paso, Houston, and Los Angeles.",2010,2011
ndic-midwest-cocaine-20,cocaine,Cedar Rapids,IA,,Waterloo,IA,,ndic_market_analysis,ndic-dma-midwest_2011,https://www.justice.gov/archive/ndic/dmas/Midwest_DMA-2011(U).pdf,"U.S. Department of Justice, National Drug Intelligence Center",Midwest High Intensity Drug Trafficking Area Drug Market Analysis 2011,2011,PDF p. 22,"some cocaine and marijuana are supplied from Cedar Rapids to neighboring cities in Iowa, particularly Cedar Falls, Waterloo, and Dubuque",2010,2011
ndic-midwest-cocaine-21,cocaine,Cedar Rapids,IA,,Dubuque,IA,,ndic_market_analysis,ndic-dma-midwest_2011,https://www.justice.gov/archive/ndic/dmas/Midwest_DMA-2011(U).pdf,"U.S. Department of Justice, National Drug Intelligence Center",Midwest High Intensity Drug Trafficking Area Drug Market Analysis 2011,2011,PDF p. 22,"some cocaine and marijuana are supplied from Cedar Rapids to neighboring cities in Iowa, particularly Cedar Falls, Waterloo, and Dubuque",2010,2011
ndic-midwest-cannabis-16,cannabis,Cedar Rapids,IA,,Waterloo,IA,,ndic_market_analysis,ndic-dma-midwest_2011,https://www.justice.gov/archive/ndic/dmas/Midwest_DMA-2011(U).pdf,"U.S. Department of Justice, National Drug Intelligence Center",Midwest High Intensity Drug Trafficking Area Drug Market Analysis 2011,2011,PDF p. 22,"some cocaine and marijuana are supplied from Cedar Rapids to neighboring cities in Iowa, particularly Cedar Falls, Waterloo, and Dubuque",2010,2011
ndic-midwest-cannabis-17,cannabis,Cedar Rapids,IA,,Dubuque,IA,,ndic_market_analysis,ndic-dma-midwest_2011,https://www.justice.gov/archive/ndic/dmas/Midwest_DMA-2011(U).pdf,"U.S. Department of Justice, National Drug Intelligence Center",Midwest High Intensity Drug Trafficking Area Drug Market Analysis 2011,2011,PDF p. 22,"some cocaine and marijuana are supplied from Cedar Rapids to neighboring cities in Iowa, particularly Cedar Falls, Waterloo, and Dubuque",2010,2011
ndic-midwest-meth-16,meth,,MN,,Sioux Falls,SD,,ndic_market_analysis,ndic-dma-midwest_2011,https://www.justice.gov/archive/ndic/dmas/Midwest_DMA-2011(U).pdf,"U.S. Department of Justice, National Drug Intelligence Center",Midwest High Intensity Drug Trafficking Area Drug Market Analysis 2011,2011,PDF p. 23 (Worthington not in Natural Earth; state point),law enforcement officials in Sioux Falls report that … transporting methamphetamine to the metropolitan area from Worthington (MN),2010,2011
ndic-midwest-meth-17,meth,Fayetteville,AR,,Springfield,MO,,ndic_market_analysis,ndic-dma-midwest_2011,https://www.justice.gov/archive/ndic/dmas/Midwest_DMA-2011(U).pdf,"U.S. Department of Justice, National Drug Intelligence Center",Midwest High Intensity Drug Trafficking Area Drug Market Analysis 2011,2011,PDF p. 23,"Mexican traffickers transport wholesale quantities of ice methamphetamine, cocaine, and marijuana from Fayetteville (AR), Bakersfield (CA), Phoenix, and Texas to Springfield for distribution.",2010,2011
ndic-midwest-meth-18,meth,Bakersfield,CA,,Springfield,MO,,ndic_market_analysis,ndic-dma-midwest_2011,https://www.justice.gov/archive/ndic/dmas/Midwest_DMA-2011(U).pdf,"U.S. Department of Justice, National Drug Intelligence Center",Midwest High Intensity Drug Trafficking Area Drug Market Analysis 2011,2011,PDF p. 23,"Mexican traffickers transport wholesale quantities of ice methamphetamine, cocaine, and marijuana from Fayetteville (AR), Bakersfield (CA), Phoenix, and Texas to Springfield for distribution.",2010,2011
ndic-midwest-meth-19,meth,Phoenix,AZ,,Springfield,MO,,ndic_market_analysis,ndic-dma-midwest_2011,https://www.justice.gov/archive/ndic/dmas/Midwest_DMA-2011(U).pdf,"U.S. Department of Justice, National Drug Intelligence Center",Midwest High Intensity Drug Trafficking Area Drug Market Analysis 2011,2011,PDF p. 23,"Mexican traffickers transport wholesale quantities of ice methamphetamine, cocaine, and marijuana from Fayetteville (AR), Bakersfield (CA), Phoenix, and Texas to Springfield for distribution.",2010,2011
ndic-midwest-meth-20,meth,,TX,,Springfield,MO,,ndic_market_analysis,ndic-dma-midwest_2011,https://www.justice.gov/archive/ndic/dmas/Midwest_DMA-2011(U).pdf,"U.S. Department of Justice, National Drug Intelligence Center",Midwest High Intensity Drug Trafficking Area Drug Market Analysis 2011,2011,PDF p. 23,"Mexican traffickers transport wholesale quantities of ice methamphetamine, cocaine, and marijuana from Fayetteville (AR), Bakersfield (CA), Phoenix, and Texas to Springfield for distribution.",2010,2011
ndic-midwest-cocaine-22,cocaine,Fayetteville,AR,,Springfield,MO,,ndic_market_analysis,ndic-dma-midwest_2011,https://www.justice.gov/archive/ndic/dmas/Midwest_DMA-2011(U).pdf,"U.S. Department of Justice, National Drug Intelligence Center",Midwest High Intensity Drug Trafficking Area Drug Market Analysis 2011,2011,PDF p. 23,"Mexican traffickers transport wholesale quantities of ice methamphetamine, cocaine, and marijuana from Fayetteville (AR), Bakersfield (CA), Phoenix, and Texas to Springfield for distribution.",2010,2011
ndic-midwest-cocaine-23,cocaine,Bakersfield,CA,,Springfield,MO,,ndic_market_analysis,ndic-dma-midwest_2011,https://www.justice.gov/archive/ndic/dmas/Midwest_DMA-2011(U).pdf,"U.S. Department of Justice, National Drug Intelligence Center",Midwest High Intensity Drug Trafficking Area Drug Market Analysis 2011,2011,PDF p. 23,"Mexican traffickers transport wholesale quantities of ice methamphetamine, cocaine, and marijuana from Fayetteville (AR), Bakersfield (CA), Phoenix, and Texas to Springfield for distribution.",2010,2011
ndic-midwest-cocaine-24,cocaine,Phoenix,AZ,,Springfield,MO,,ndic_market_analysis,ndic-dma-midwest_2011,https://www.justice.gov/archive/ndic/dmas/Midwest_DMA-2011(U).pdf,"U.S. Department of Justice, National Drug Intelligence Center",Midwest High Intensity Drug Trafficking Area Drug Market Analysis 2011,2011,PDF p. 23,"Mexican traffickers transport wholesale quantities of ice methamphetamine, cocaine, and marijuana from Fayetteville (AR), Bakersfield (CA), Phoenix, and Texas to Springfield for distribution.",2010,2011
ndic-midwest-cocaine-25,cocaine,,TX,,Springfield,MO,,ndic_market_analysis,ndic-dma-midwest_2011,https://www.justice.gov/archive/ndic/dmas/Midwest_DMA-2011(U).pdf,"U.S. Department of Justice, National Drug Intelligence Center",Midwest High Intensity Drug Trafficking Area Drug Market Analysis 2011,2011,PDF p. 23,"Mexican traffickers transport wholesale quantities of ice methamphetamine, cocaine, and marijuana from Fayetteville (AR), Bakersfield (CA), Phoenix, and Texas to Springfield for distribution.",2010,2011
ndic-midwest-cannabis-18,cannabis,Fayetteville,AR,,Springfield,MO,,ndic_market_analysis,ndic-dma-midwest_2011,https://www.justice.gov/archive/ndic/dmas/Midwest_DMA-2011(U).pdf,"U.S. Department of Justice, National Drug Intelligence Center",Midwest High Intensity Drug Trafficking Area Drug Market Analysis 2011,2011,PDF p. 23,"Mexican traffickers transport wholesale quantities of ice methamphetamine, cocaine, and marijuana from Fayetteville (AR), Bakersfield (CA), Phoenix, and Texas to Springfield for distribution.",2010,2011
ndic-midwest-cannabis-19,cannabis,Bakersfield,CA,,Springfield,MO,,ndic_market_analysis,ndic-dma-midwest_2011,https://www.justice.gov/archive/ndic/dmas/Midwest_DMA-2011(U).pdf,"U.S. Department of Justice, National Drug Intelligence Center",Midwest High Intensity Drug Trafficking Area Drug Market Analysis 2011,2011,PDF p. 23,"Mexican traffickers transport wholesale quantities of ice methamphetamine, cocaine, and marijuana from Fayetteville (AR), Bakersfield (CA), Phoenix, and Texas to Springfield for distribution.",2010,2011
ndic-midwest-cannabis-20,cannabis,Phoenix,AZ,,Springfield,MO,,ndic_market_analysis,ndic-dma-midwest_2011,https://www.justice.gov/archive/ndic/dmas/Midwest_DMA-2011(U).pdf,"U.S. Department of Justice, National Drug Intelligence Center",Midwest High Intensity Drug Trafficking Area Drug Market Analysis 2011,2011,PDF p. 23,"Mexican traffickers transport wholesale quantities of ice methamphetamine, cocaine, and marijuana from Fayetteville (AR), Bakersfield (CA), Phoenix, and Texas to Springfield for distribution.",2010,2011
ndic-midwest-cannabis-21,cannabis,,TX,,Springfield,MO,,ndic_market_analysis,ndic-dma-midwest_2011,https://www.justice.gov/archive/ndic/dmas/Midwest_DMA-2011(U).pdf,"U.S. Department of Justice, National Drug Intelligence Center",Midwest High Intensity Drug Trafficking Area Drug Market Analysis 2011,2011,PDF p. 23,"Mexican traffickers transport wholesale quantities of ice methamphetamine, cocaine, and marijuana from Fayetteville (AR), Bakersfield (CA), Phoenix, and Texas to Springfield for distribution.",2010,2011
ndic-northwest-meth-01,meth,,,MEX,,WA,,ndic_market_analysis,ndic-dma-northwest_2011,https://www.justice.gov/archive/ndic/dmas/Northwest_DMA-2011(U).pdf,"U.S. Department of Justice, National Drug Intelligence Center",Northwest High Intensity Drug Trafficking Area Drug Market Analysis 2011,2011,"PDF p. 8 (Northwest HIDTA, Washington State)",an increased supply of methamphetamine from Mexico,2010,2011
ndic-northwest-cocaine-01,cocaine,,WA,,,,CAN,ndic_market_analysis,ndic-dma-northwest_2011,https://www.justice.gov/archive/ndic/dmas/Northwest_DMA-2011(U).pdf,"U.S. Department of Justice, National Drug Intelligence Center",Northwest High Intensity Drug Trafficking Area Drug Market Analysis 2011,2011,"PDF p. 13 (Northwest HIDTA, Washington State)",Cocaine is most often smuggled into Canada from the Northwest HIDTA region,2010,2011
ndic-ohio-cannabis-01,cannabis,,,CAN,,OH,,ndic_market_analysis,ndic-dma-ohio_2011,https://www.justice.gov/archive/ndic/dmas/Ohio_DMA-2011(U).pdf,"U.S. Department of Justice, National Drug Intelligence Center",Ohio High Intensity Drug Trafficking Area Drug Market Analysis 2011,2011,PDF p. 17,"some marijuana, particularly high-potency marijuana, is transported to the area from Canada and northern California",2010,2011
ndic-ohio-cannabis-02,cannabis,,CA,,,OH,,ndic_market_analysis,ndic-dma-ohio_2011,https://www.justice.gov/archive/ndic/dmas/Ohio_DMA-2011(U).pdf,"U.S. Department of Justice, National Drug Intelligence Center",Ohio High Intensity Drug Trafficking Area Drug Market Analysis 2011,2011,PDF p. 17,"some marijuana, particularly high-potency marijuana, is transported to the area from Canada and northern California",2010,2011
ndic-philadelphia-camden-meth-01,meth,,,MEX,Atlanta,GA,,ndic_market_analysis,ndic-dma-philadelphia-camden_2011,https://www.justice.gov/archive/ndic/dmas/Philadelphia-Camden_DMA-2011(U).pdf,"U.S. Department of Justice, National Drug Intelligence Center",Philadelphia/Camden High Intensity Drug Trafficking Area Drug Market Analysis 2011,2011,PDF p. 8,"The methamphetamine originated in Mexico, was taken to Atlanta, and was then transported to Philadelphia",2010,2011
ndic-philadelphia-camden-meth-02,meth,Atlanta,GA,,Philadelphia,PA,,ndic_market_analysis,ndic-dma-philadelphia-camden_2011,https://www.justice.gov/archive/ndic/dmas/Philadelphia-Camden_DMA-2011(U).pdf,"U.S. Department of Justice, National Drug Intelligence Center",Philadelphia/Camden High Intensity Drug Trafficking Area Drug Market Analysis 2011,2011,PDF p. 8,"The methamphetamine originated in Mexico, was taken to Atlanta, and was then transported to Philadelphia",2010,2011
ndic-south-florida-cocaine-01,cocaine,,,MEX,Miami,FL,,ndic_market_analysis,ndic-dma-south_florida_2011,https://www.justice.gov/archive/ndic/dmas/South_Florida_DMA-2011(U).pdf,"U.S. Department of Justice, National Drug Intelligence Center",South Florida High Intensity Drug Trafficking Area Drug Market Analysis 2011,2011,PDF p. 16 (South Florida HIDTA region; Miami anchor),"Mexican DTOs supply significant quantities of cocaine, heroin, marijuana, and methamphetamine from Mexico to the South Florida HIDTA region",2010,2011
ndic-south-florida-heroin-01,heroin,,,MEX,Miami,FL,,ndic_market_analysis,ndic-dma-south_florida_2011,https://www.justice.gov/archive/ndic/dmas/South_Florida_DMA-2011(U).pdf,"U.S. Department of Justice, National Drug Intelligence Center",South Florida High Intensity Drug Trafficking Area Drug Market Analysis 2011,2011,PDF p. 16 (South Florida HIDTA region; Miami anchor),"Mexican DTOs supply significant quantities of cocaine, heroin, marijuana, and methamphetamine from Mexico to the South Florida HIDTA region",2010,2011
ndic-south-florida-cannabis-01,cannabis,,,MEX,Miami,FL,,ndic_market_analysis,ndic-dma-south_florida_2011,https://www.justice.gov/archive/ndic/dmas/South_Florida_DMA-2011(U).pdf,"U.S. Department of Justice, National Drug Intelligence Center",South Florida High Intensity Drug Trafficking Area Drug Market Analysis 2011,2011,PDF p. 16 (South Florida HIDTA region; Miami anchor),"Mexican DTOs supply significant quantities of cocaine, heroin, marijuana, and methamphetamine from Mexico to the South Florida HIDTA region",2010,2011
ndic-south-florida-meth-01,meth,,,MEX,Miami,FL,,ndic_market_analysis,ndic-dma-south_florida_2011,https://www.justice.gov/archive/ndic/dmas/South_Florida_DMA-2011(U).pdf,"U.S. Department of Justice, National Drug Intelligence Center",South Florida High Intensity Drug Trafficking Area Drug Market Analysis 2011,2011,PDF p. 16 (South Florida HIDTA region; Miami anchor),"Mexican DTOs supply significant quantities of cocaine, heroin, marijuana, and methamphetamine from Mexico to the South Florida HIDTA region",2010,2011
ndic-south-florida-cannabis-02,cannabis,,,BHS,Miami,FL,,ndic_market_analysis,ndic-dma-south_florida_2011,https://www.justice.gov/archive/ndic/dmas/South_Florida_DMA-2011(U).pdf,"U.S. Department of Justice, National Drug Intelligence Center",South Florida High Intensity Drug Trafficking Area Drug Market Analysis 2011,2011,PDF p. 12 (South Florida HIDTA region; Miami anchor),"Marijuana available in the HIDTA region includes commercial-grade marijuana from sources in Mexico; low-quality locally produced marijuana; marijuana produced in the Caribbean, including the Bahamas and Jamaica",2010,2011
ndic-south-florida-cannabis-03,cannabis,,,JAM,Miami,FL,,ndic_market_analysis,ndic-dma-south_florida_2011,https://www.justice.gov/archive/ndic/dmas/South_Florida_DMA-2011(U).pdf,"U.S. Department of Justice, National Drug Intelligence Center",South Florida High Intensity Drug Trafficking Area Drug Market Analysis 2011,2011,PDF p. 12 (South Florida HIDTA region; Miami anchor),"Marijuana available in the HIDTA region includes commercial-grade marijuana from sources in Mexico; low-quality locally produced marijuana; marijuana produced in the Caribbean, including the Bahamas and Jamaica",2010,2011
ndic-south-texas-heroin-01,heroin,,TX,,,CA,,ndic_market_analysis,ndic-dma-south_texas_2011,https://www.justice.gov/archive/ndic/dmas/South_Texas_DMA-2011(U).pdf,"U.S. Department of Justice, National Drug Intelligence Center",South Texas High Intensity Drug Trafficking Area Drug Market Analysis 2011,2011,PDF p. 10,"heroin shipments that originated in South Texas HIDTA counties were destined for drug markets in California, Illinois, Missouri, New Jersey, New York, Tennessee, and Texas.",2008,2010
ndic-south-texas-heroin-02,heroin,,TX,,,IL,,ndic_market_analysis,ndic-dma-south_texas_2011,https://www.justice.gov/archive/ndic/dmas/South_Texas_DMA-2011(U).pdf,"U.S. Department of Justice, National Drug Intelligence Center",South Texas High Intensity Drug Trafficking Area Drug Market Analysis 2011,2011,PDF p. 10,"heroin shipments that originated in South Texas HIDTA counties were destined for drug markets in California, Illinois, Missouri, New Jersey, New York, Tennessee, and Texas.",2008,2010
ndic-south-texas-heroin-03,heroin,,TX,,,MO,,ndic_market_analysis,ndic-dma-south_texas_2011,https://www.justice.gov/archive/ndic/dmas/South_Texas_DMA-2011(U).pdf,"U.S. Department of Justice, National Drug Intelligence Center",South Texas High Intensity Drug Trafficking Area Drug Market Analysis 2011,2011,PDF p. 10,"heroin shipments that originated in South Texas HIDTA counties were destined for drug markets in California, Illinois, Missouri, New Jersey, New York, Tennessee, and Texas.",2008,2010
ndic-south-texas-heroin-04,heroin,,TX,,,NJ,,ndic_market_analysis,ndic-dma-south_texas_2011,https://www.justice.gov/archive/ndic/dmas/South_Texas_DMA-2011(U).pdf,"U.S. Department of Justice, National Drug Intelligence Center",South Texas High Intensity Drug Trafficking Area Drug Market Analysis 2011,2011,PDF p. 10,"heroin shipments that originated in South Texas HIDTA counties were destined for drug markets in California, Illinois, Missouri, New Jersey, New York, Tennessee, and Texas.",2008,2010
ndic-south-texas-heroin-05,heroin,,TX,,,NY,,ndic_market_analysis,ndic-dma-south_texas_2011,https://www.justice.gov/archive/ndic/dmas/South_Texas_DMA-2011(U).pdf,"U.S. Department of Justice, National Drug Intelligence Center",South Texas High Intensity Drug Trafficking Area Drug Market Analysis 2011,2011,PDF p. 10,"heroin shipments that originated in South Texas HIDTA counties were destined for drug markets in California, Illinois, Missouri, New Jersey, New York, Tennessee, and Texas.",2008,2010
ndic-south-texas-heroin-06,heroin,,TX,,,TN,,ndic_market_analysis,ndic-dma-south_texas_2011,https://www.justice.gov/archive/ndic/dmas/South_Texas_DMA-2011(U).pdf,"U.S. Department of Justice, National Drug Intelligence Center",South Texas High Intensity Drug Trafficking Area Drug Market Analysis 2011,2011,PDF p. 10,"heroin shipments that originated in South Texas HIDTA counties were destined for drug markets in California, Illinois, Missouri, New Jersey, New York, Tennessee, and Texas.",2008,2010
ndic-south-texas-cannabis-01,cannabis,,,MEX,Laredo,TX,,ndic_market_analysis,ndic-dma-south_texas_2011,https://www.justice.gov/archive/ndic/dmas/South_Texas_DMA-2011(U).pdf,"U.S. Department of Justice, National Drug Intelligence Center",South Texas High Intensity Drug Trafficking Area Drug Market Analysis 2011,2011,PDF p. 13,"involved in trafficking marijuana, methamphetamine, and cocaine in South Texas, particularly in the Austin area. The investigation revealed that the Gulf Cartel was a major drug supplier to members of the prison gang, who would smuggle the drugs from Mexico into Laredo … and then transport the contraband along Interstate 35 to Austin for future distribution.",2010,2011
ndic-south-texas-cannabis-02,cannabis,Laredo,TX,,Austin,TX,,ndic_market_analysis,ndic-dma-south_texas_2011,https://www.justice.gov/archive/ndic/dmas/South_Texas_DMA-2011(U).pdf,"U.S. Department of Justice, National Drug Intelligence Center",South Texas High Intensity Drug Trafficking Area Drug Market Analysis 2011,2011,PDF p. 13,"involved in trafficking marijuana, methamphetamine, and cocaine in South Texas, particularly in the Austin area. The investigation revealed that the Gulf Cartel was a major drug supplier to members of the prison gang, who would smuggle the drugs from Mexico into Laredo … and then transport the contraband along Interstate 35 to Austin for future distribution.",2010,2011
ndic-south-texas-meth-01,meth,,,MEX,Laredo,TX,,ndic_market_analysis,ndic-dma-south_texas_2011,https://www.justice.gov/archive/ndic/dmas/South_Texas_DMA-2011(U).pdf,"U.S. Department of Justice, National Drug Intelligence Center",South Texas High Intensity Drug Trafficking Area Drug Market Analysis 2011,2011,PDF p. 13,"involved in trafficking marijuana, methamphetamine, and cocaine in South Texas, particularly in the Austin area. The investigation revealed that the Gulf Cartel was a major drug supplier to members of the prison gang, who would smuggle the drugs from Mexico into Laredo … and then transport the contraband along Interstate 35 to Austin for future distribution.",2010,2011
ndic-south-texas-meth-02,meth,Laredo,TX,,Austin,TX,,ndic_market_analysis,ndic-dma-south_texas_2011,https://www.justice.gov/archive/ndic/dmas/South_Texas_DMA-2011(U).pdf,"U.S. Department of Justice, National Drug Intelligence Center",South Texas High Intensity Drug Trafficking Area Drug Market Analysis 2011,2011,PDF p. 13,"involved in trafficking marijuana, methamphetamine, and cocaine in South Texas, particularly in the Austin area. The investigation revealed that the Gulf Cartel was a major drug supplier to members of the prison gang, who would smuggle the drugs from Mexico into Laredo … and then transport the contraband along Interstate 35 to Austin for future distribution.",2010,2011
ndic-south-texas-cocaine-01,cocaine,,,MEX,Laredo,TX,,ndic_market_analysis,ndic-dma-south_texas_2011,https://www.justice.gov/archive/ndic/dmas/South_Texas_DMA-2011(U).pdf,"U.S. Department of Justice, National Drug Intelligence Center",South Texas High Intensity Drug Trafficking Area Drug Market Analysis 2011,2011,PDF p. 13,"involved in trafficking marijuana, methamphetamine, and cocaine in South Texas, particularly in the Austin area. The investigation revealed that the Gulf Cartel was a major drug supplier to members of the prison gang, who would smuggle the drugs from Mexico into Laredo … and then transport the contraband along Interstate 35 to Austin for future distribution.",2010,2011
ndic-south-texas-cocaine-02,cocaine,Laredo,TX,,Austin,TX,,ndic_market_analysis,ndic-dma-south_texas_2011,https://www.justice.gov/archive/ndic/dmas/South_Texas_DMA-2011(U).pdf,"U.S. Department of Justice, National Drug Intelligence Center",South Texas High Intensity Drug Trafficking Area Drug Market Analysis 2011,2011,PDF p. 13,"involved in trafficking marijuana, methamphetamine, and cocaine in South Texas, particularly in the Austin area. The investigation revealed that the Gulf Cartel was a major drug supplier to members of the prison gang, who would smuggle the drugs from Mexico into Laredo … and then transport the contraband along Interstate 35 to Austin for future distribution.",2010,2011
ndic-south-texas-cannabis-03,cannabis,Eagle Pass,TX,,Chicago,IL,,ndic_market_analysis,ndic-dma-south_texas_2011,https://www.justice.gov/archive/ndic/dmas/South_Texas_DMA-2011(U).pdf,"U.S. Department of Justice, National Drug Intelligence Center",South Texas High Intensity Drug Trafficking Area Drug Market Analysis 2011,2011,PDF p. 9,officers in Eagle Pass (TX) discovered nearly 11 tons of marijuana on a train bound for Chicago.,2010,2010
ndic-south-texas-cannabis-04,cannabis,San Antonio,TX,,,AL,,ndic_market_analysis,ndic-dma-south_texas_2011,https://www.justice.gov/archive/ndic/dmas/South_Texas_DMA-2011(U).pdf,"U.S. Department of Justice, National Drug Intelligence Center",South Texas High Intensity Drug Trafficking Area Drug Market Analysis 2011,2011,"PDF p. 9, Table 1, origin column 'Bexar' (county placed on San Antonio per PDF p. 15)","Table 1. Marijuana Seizures Originating in South Texas HIDTA Counties Destined for Drug Markets in U.S. States, 2010",2010,2010
ndic-south-texas-cannabis-05,cannabis,San Antonio,TX,,,AR,,ndic_market_analysis,ndic-dma-south_texas_2011,https://www.justice.gov/archive/ndic/dmas/South_Texas_DMA-2011(U).pdf,"U.S. Department of Justice, National Drug Intelligence Center",South Texas High Intensity Drug Trafficking Area Drug Market Analysis 2011,2011,"PDF p. 9, Table 1, origin column 'Bexar' (county placed on San Antonio per PDF p. 15)","Table 1. Marijuana Seizures Originating in South Texas HIDTA Counties Destined for Drug Markets in U.S. States, 2010",2010,2010
ndic-south-texas-cannabis-06,cannabis,San Antonio,TX,,,FL,,ndic_market_analysis,ndic-dma-south_texas_2011,https://www.justice.gov/archive/ndic/dmas/South_Texas_DMA-2011(U).pdf,"U.S. Department of Justice, National Drug Intelligence Center",South Texas High Intensity Drug Trafficking Area Drug Market Analysis 2011,2011,"PDF p. 9, Table 1, origin column 'Bexar' (county placed on San Antonio per PDF p. 15)","Table 1. Marijuana Seizures Originating in South Texas HIDTA Counties Destined for Drug Markets in U.S. States, 2010",2010,2010
ndic-south-texas-cannabis-07,cannabis,San Antonio,TX,,,GA,,ndic_market_analysis,ndic-dma-south_texas_2011,https://www.justice.gov/archive/ndic/dmas/South_Texas_DMA-2011(U).pdf,"U.S. Department of Justice, National Drug Intelligence Center",South Texas High Intensity Drug Trafficking Area Drug Market Analysis 2011,2011,"PDF p. 9, Table 1, origin column 'Bexar' (county placed on San Antonio per PDF p. 15)","Table 1. Marijuana Seizures Originating in South Texas HIDTA Counties Destined for Drug Markets in U.S. States, 2010",2010,2010
ndic-south-texas-cannabis-08,cannabis,San Antonio,TX,,,IL,,ndic_market_analysis,ndic-dma-south_texas_2011,https://www.justice.gov/archive/ndic/dmas/South_Texas_DMA-2011(U).pdf,"U.S. Department of Justice, National Drug Intelligence Center",South Texas High Intensity Drug Trafficking Area Drug Market Analysis 2011,2011,"PDF p. 9, Table 1, origin column 'Bexar' (county placed on San Antonio per PDF p. 15)","Table 1. Marijuana Seizures Originating in South Texas HIDTA Counties Destined for Drug Markets in U.S. States, 2010",2010,2010
ndic-south-texas-cannabis-09,cannabis,San Antonio,TX,,,IA,,ndic_market_analysis,ndic-dma-south_texas_2011,https://www.justice.gov/archive/ndic/dmas/South_Texas_DMA-2011(U).pdf,"U.S. Department of Justice, National Drug Intelligence Center",South Texas High Intensity Drug Trafficking Area Drug Market Analysis 2011,2011,"PDF p. 9, Table 1, origin column 'Bexar' (county placed on San Antonio per PDF p. 15)","Table 1. Marijuana Seizures Originating in South Texas HIDTA Counties Destined for Drug Markets in U.S. States, 2010",2010,2010
ndic-south-texas-cannabis-10,cannabis,San Antonio,TX,,,KY,,ndic_market_analysis,ndic-dma-south_texas_2011,https://www.justice.gov/archive/ndic/dmas/South_Texas_DMA-2011(U).pdf,"U.S. Department of Justice, National Drug Intelligence Center",South Texas High Intensity Drug Trafficking Area Drug Market Analysis 2011,2011,"PDF p. 9, Table 1, origin column 'Bexar' (county placed on San Antonio per PDF p. 15)","Table 1. Marijuana Seizures Originating in South Texas HIDTA Counties Destined for Drug Markets in U.S. States, 2010",2010,2010
ndic-south-texas-cannabis-11,cannabis,San Antonio,TX,,,LA,,ndic_market_analysis,ndic-dma-south_texas_2011,https://www.justice.gov/archive/ndic/dmas/South_Texas_DMA-2011(U).pdf,"U.S. Department of Justice, National Drug Intelligence Center",South Texas High Intensity Drug Trafficking Area Drug Market Analysis 2011,2011,"PDF p. 9, Table 1, origin column 'Bexar' (county placed on San Antonio per PDF p. 15)","Table 1. Marijuana Seizures Originating in South Texas HIDTA Counties Destined for Drug Markets in U.S. States, 2010",2010,2010
ndic-south-texas-cannabis-12,cannabis,San Antonio,TX,,,MN,,ndic_market_analysis,ndic-dma-south_texas_2011,https://www.justice.gov/archive/ndic/dmas/South_Texas_DMA-2011(U).pdf,"U.S. Department of Justice, National Drug Intelligence Center",South Texas High Intensity Drug Trafficking Area Drug Market Analysis 2011,2011,"PDF p. 9, Table 1, origin column 'Bexar' (county placed on San Antonio per PDF p. 15)","Table 1. Marijuana Seizures Originating in South Texas HIDTA Counties Destined for Drug Markets in U.S. States, 2010",2010,2010
ndic-south-texas-cannabis-13,cannabis,San Antonio,TX,,,MS,,ndic_market_analysis,ndic-dma-south_texas_2011,https://www.justice.gov/archive/ndic/dmas/South_Texas_DMA-2011(U).pdf,"U.S. Department of Justice, National Drug Intelligence Center",South Texas High Intensity Drug Trafficking Area Drug Market Analysis 2011,2011,"PDF p. 9, Table 1, origin column 'Bexar' (county placed on San Antonio per PDF p. 15)","Table 1. Marijuana Seizures Originating in South Texas HIDTA Counties Destined for Drug Markets in U.S. States, 2010",2010,2010
ndic-south-texas-cannabis-14,cannabis,San Antonio,TX,,,MO,,ndic_market_analysis,ndic-dma-south_texas_2011,https://www.justice.gov/archive/ndic/dmas/South_Texas_DMA-2011(U).pdf,"U.S. Department of Justice, National Drug Intelligence Center",South Texas High Intensity Drug Trafficking Area Drug Market Analysis 2011,2011,"PDF p. 9, Table 1, origin column 'Bexar' (county placed on San Antonio per PDF p. 15)","Table 1. Marijuana Seizures Originating in South Texas HIDTA Counties Destined for Drug Markets in U.S. States, 2010",2010,2010
ndic-south-texas-cannabis-15,cannabis,San Antonio,TX,,,OK,,ndic_market_analysis,ndic-dma-south_texas_2011,https://www.justice.gov/archive/ndic/dmas/South_Texas_DMA-2011(U).pdf,"U.S. Department of Justice, National Drug Intelligence Center",South Texas High Intensity Drug Trafficking Area Drug Market Analysis 2011,2011,"PDF p. 9, Table 1, origin column 'Bexar' (county placed on San Antonio per PDF p. 15)","Table 1. Marijuana Seizures Originating in South Texas HIDTA Counties Destined for Drug Markets in U.S. States, 2010",2010,2010
ndic-south-texas-cannabis-16,cannabis,San Antonio,TX,,,SC,,ndic_market_analysis,ndic-dma-south_texas_2011,https://www.justice.gov/archive/ndic/dmas/South_Texas_DMA-2011(U).pdf,"U.S. Department of Justice, National Drug Intelligence Center",South Texas High Intensity Drug Trafficking Area Drug Market Analysis 2011,2011,"PDF p. 9, Table 1, origin column 'Bexar' (county placed on San Antonio per PDF p. 15)","Table 1. Marijuana Seizures Originating in South Texas HIDTA Counties Destined for Drug Markets in U.S. States, 2010",2010,2010
ndic-south-texas-cannabis-17,cannabis,San Antonio,TX,,,TN,,ndic_market_analysis,ndic-dma-south_texas_2011,https://www.justice.gov/archive/ndic/dmas/South_Texas_DMA-2011(U).pdf,"U.S. Department of Justice, National Drug Intelligence Center",South Texas High Intensity Drug Trafficking Area Drug Market Analysis 2011,2011,"PDF p. 9, Table 1, origin column 'Bexar' (county placed on San Antonio per PDF p. 15)","Table 1. Marijuana Seizures Originating in South Texas HIDTA Counties Destined for Drug Markets in U.S. States, 2010",2010,2010
ndic-south-texas-cannabis-18,cannabis,San Antonio,TX,,,WI,,ndic_market_analysis,ndic-dma-south_texas_2011,https://www.justice.gov/archive/ndic/dmas/South_Texas_DMA-2011(U).pdf,"U.S. Department of Justice, National Drug Intelligence Center",South Texas High Intensity Drug Trafficking Area Drug Market Analysis 2011,2011,"PDF p. 9, Table 1, origin column 'Bexar' (county placed on San Antonio per PDF p. 15)","Table 1. Marijuana Seizures Originating in South Texas HIDTA Counties Destined for Drug Markets in U.S. States, 2010",2010,2010
ndic-south-texas-cannabis-19,cannabis,Brownsville,TX,,,AR,,ndic_market_analysis,ndic-dma-south_texas_2011,https://www.justice.gov/archive/ndic/dmas/South_Texas_DMA-2011(U).pdf,"U.S. Department of Justice, National Drug Intelligence Center",South Texas High Intensity Drug Trafficking Area Drug Market Analysis 2011,2011,"PDF p. 9, Table 1, origin column 'Cameron' (county placed on Brownsville per PDF p. 15)","Table 1. Marijuana Seizures Originating in South Texas HIDTA Counties Destined for Drug Markets in U.S. States, 2010",2010,2010
ndic-south-texas-cannabis-20,cannabis,Brownsville,TX,,,FL,,ndic_market_analysis,ndic-dma-south_texas_2011,https://www.justice.gov/archive/ndic/dmas/South_Texas_DMA-2011(U).pdf,"U.S. Department of Justice, National Drug Intelligence Center",South Texas High Intensity Drug Trafficking Area Drug Market Analysis 2011,2011,"PDF p. 9, Table 1, origin column 'Cameron' (county placed on Brownsville per PDF p. 15)","Table 1. Marijuana Seizures Originating in South Texas HIDTA Counties Destined for Drug Markets in U.S. States, 2010",2010,2010
ndic-south-texas-cannabis-21,cannabis,Brownsville,TX,,,GA,,ndic_market_analysis,ndic-dma-south_texas_2011,https://www.justice.gov/archive/ndic/dmas/South_Texas_DMA-2011(U).pdf,"U.S. Department of Justice, National Drug Intelligence Center",South Texas High Intensity Drug Trafficking Area Drug Market Analysis 2011,2011,"PDF p. 9, Table 1, origin column 'Cameron' (county placed on Brownsville per PDF p. 15)","Table 1. Marijuana Seizures Originating in South Texas HIDTA Counties Destined for Drug Markets in U.S. States, 2010",2010,2010
ndic-south-texas-cannabis-22,cannabis,Brownsville,TX,,,IN,,ndic_market_analysis,ndic-dma-south_texas_2011,https://www.justice.gov/archive/ndic/dmas/South_Texas_DMA-2011(U).pdf,"U.S. Department of Justice, National Drug Intelligence Center",South Texas High Intensity Drug Trafficking Area Drug Market Analysis 2011,2011,"PDF p. 9, Table 1, origin column 'Cameron' (county placed on Brownsville per PDF p. 15)","Table 1. Marijuana Seizures Originating in South Texas HIDTA Counties Destined for Drug Markets in U.S. States, 2010",2010,2010
ndic-south-texas-cannabis-23,cannabis,Brownsville,TX,,,KS,,ndic_market_analysis,ndic-dma-south_texas_2011,https://www.justice.gov/archive/ndic/dmas/South_Texas_DMA-2011(U).pdf,"U.S. Department of Justice, National Drug Intelligence Center",South Texas High Intensity Drug Trafficking Area Drug Market Analysis 2011,2011,"PDF p. 9, Table 1, origin column 'Cameron' (county placed on Brownsville per PDF p. 15)","Table 1. Marijuana Seizures Originating in South Texas HIDTA Counties Destined for Drug Markets in U.S. States, 2010",2010,2010
ndic-south-texas-cannabis-24,cannabis,Brownsville,TX,,,LA,,ndic_market_analysis,ndic-dma-south_texas_2011,https://www.justice.gov/archive/ndic/dmas/South_Texas_DMA-2011(U).pdf,"U.S. Department of Justice, National Drug Intelligence Center",South Texas High Intensity Drug Trafficking Area Drug Market Analysis 2011,2011,"PDF p. 9, Table 1, origin column 'Cameron' (county placed on Brownsville per PDF p. 15)","Table 1. Marijuana Seizures Originating in South Texas HIDTA Counties Destined for Drug Markets in U.S. States, 2010",2010,2010
ndic-south-texas-cannabis-25,cannabis,Brownsville,TX,,,MD,,ndic_market_analysis,ndic-dma-south_texas_2011,https://www.justice.gov/archive/ndic/dmas/South_Texas_DMA-2011(U).pdf,"U.S. Department of Justice, National Drug Intelligence Center",South Texas High Intensity Drug Trafficking Area Drug Market Analysis 2011,2011,"PDF p. 9, Table 1, origin column 'Cameron' (county placed on Brownsville per PDF p. 15)","Table 1. Marijuana Seizures Originating in South Texas HIDTA Counties Destined for Drug Markets in U.S. States, 2010",2010,2010
ndic-south-texas-cannabis-26,cannabis,Brownsville,TX,,,MI,,ndic_market_analysis,ndic-dma-south_texas_2011,https://www.justice.gov/archive/ndic/dmas/South_Texas_DMA-2011(U).pdf,"U.S. Department of Justice, National Drug Intelligence Center",South Texas High Intensity Drug Trafficking Area Drug Market Analysis 2011,2011,"PDF p. 9, Table 1, origin column 'Cameron' (county placed on Brownsville per PDF p. 15)","Table 1. Marijuana Seizures Originating in South Texas HIDTA Counties Destined for Drug Markets in U.S. States, 2010",2010,2010
ndic-south-texas-cannabis-27,cannabis,Brownsville,TX,,,MS,,ndic_market_analysis,ndic-dma-south_texas_2011,https://www.justice.gov/archive/ndic/dmas/South_Texas_DMA-2011(U).pdf,"U.S. Department of Justice, National Drug Intelligence Center",South Texas High Intensity Drug Trafficking Area Drug Market Analysis 2011,2011,"PDF p. 9, Table 1, origin column 'Cameron' (county placed on Brownsville per PDF p. 15)","Table 1. Marijuana Seizures Originating in South Texas HIDTA Counties Destined for Drug Markets in U.S. States, 2010",2010,2010
ndic-south-texas-cannabis-28,cannabis,Brownsville,TX,,,MO,,ndic_market_analysis,ndic-dma-south_texas_2011,https://www.justice.gov/archive/ndic/dmas/South_Texas_DMA-2011(U).pdf,"U.S. Department of Justice, National Drug Intelligence Center",South Texas High Intensity Drug Trafficking Area Drug Market Analysis 2011,2011,"PDF p. 9, Table 1, origin column 'Cameron' (county placed on Brownsville per PDF p. 15)","Table 1. Marijuana Seizures Originating in South Texas HIDTA Counties Destined for Drug Markets in U.S. States, 2010",2010,2010
ndic-south-texas-cannabis-29,cannabis,Brownsville,TX,,,OH,,ndic_market_analysis,ndic-dma-south_texas_2011,https://www.justice.gov/archive/ndic/dmas/South_Texas_DMA-2011(U).pdf,"U.S. Department of Justice, National Drug Intelligence Center",South Texas High Intensity Drug Trafficking Area Drug Market Analysis 2011,2011,"PDF p. 9, Table 1, origin column 'Cameron' (county placed on Brownsville per PDF p. 15)","Table 1. Marijuana Seizures Originating in South Texas HIDTA Counties Destined for Drug Markets in U.S. States, 2010",2010,2010
ndic-south-texas-cannabis-30,cannabis,Brownsville,TX,,,SC,,ndic_market_analysis,ndic-dma-south_texas_2011,https://www.justice.gov/archive/ndic/dmas/South_Texas_DMA-2011(U).pdf,"U.S. Department of Justice, National Drug Intelligence Center",South Texas High Intensity Drug Trafficking Area Drug Market Analysis 2011,2011,"PDF p. 9, Table 1, origin column 'Cameron' (county placed on Brownsville per PDF p. 15)","Table 1. Marijuana Seizures Originating in South Texas HIDTA Counties Destined for Drug Markets in U.S. States, 2010",2010,2010
ndic-south-texas-cannabis-31,cannabis,Brownsville,TX,,,TN,,ndic_market_analysis,ndic-dma-south_texas_2011,https://www.justice.gov/archive/ndic/dmas/South_Texas_DMA-2011(U).pdf,"U.S. Department of Justice, National Drug Intelligence Center",South Texas High Intensity Drug Trafficking Area Drug Market Analysis 2011,2011,"PDF p. 9, Table 1, origin column 'Cameron' (county placed on Brownsville per PDF p. 15)","Table 1. Marijuana Seizures Originating in South Texas HIDTA Counties Destined for Drug Markets in U.S. States, 2010",2010,2010
ndic-south-texas-cannabis-32,cannabis,Brownsville,TX,,,VA,,ndic_market_analysis,ndic-dma-south_texas_2011,https://www.justice.gov/archive/ndic/dmas/South_Texas_DMA-2011(U).pdf,"U.S. Department of Justice, National Drug Intelligence Center",South Texas High Intensity Drug Trafficking Area Drug Market Analysis 2011,2011,"PDF p. 9, Table 1, origin column 'Cameron' (county placed on Brownsville per PDF p. 15)","Table 1. Marijuana Seizures Originating in South Texas HIDTA Counties Destined for Drug Markets in U.S. States, 2010",2010,2010
ndic-south-texas-cannabis-33,cannabis,Brownsville,TX,,,WI,,ndic_market_analysis,ndic-dma-south_texas_2011,https://www.justice.gov/archive/ndic/dmas/South_Texas_DMA-2011(U).pdf,"U.S. Department of Justice, National Drug Intelligence Center",South Texas High Intensity Drug Trafficking Area Drug Market Analysis 2011,2011,"PDF p. 9, Table 1, origin column 'Cameron' (county placed on Brownsville per PDF p. 15)","Table 1. Marijuana Seizures Originating in South Texas HIDTA Counties Destined for Drug Markets in U.S. States, 2010",2010,2010
ndic-south-texas-cannabis-34,cannabis,McAllen,TX,,,AL,,ndic_market_analysis,ndic-dma-south_texas_2011,https://www.justice.gov/archive/ndic/dmas/South_Texas_DMA-2011(U).pdf,"U.S. Department of Justice, National Drug Intelligence Center",South Texas High Intensity Drug Trafficking Area Drug Market Analysis 2011,2011,"PDF p. 9, Table 1, origin column 'Hidalgo' (county placed on McAllen per PDF p. 15)","Table 1. Marijuana Seizures Originating in South Texas HIDTA Counties Destined for Drug Markets in U.S. States, 2010",2010,2010
ndic-south-texas-cannabis-35,cannabis,McAllen,TX,,,AR,,ndic_market_analysis,ndic-dma-south_texas_2011,https://www.justice.gov/archive/ndic/dmas/South_Texas_DMA-2011(U).pdf,"U.S. Department of Justice, National Drug Intelligence Center",South Texas High Intensity Drug Trafficking Area Drug Market Analysis 2011,2011,"PDF p. 9, Table 1, origin column 'Hidalgo' (county placed on McAllen per PDF p. 15)","Table 1. Marijuana Seizures Originating in South Texas HIDTA Counties Destined for Drug Markets in U.S. States, 2010",2010,2010
ndic-south-texas-cannabis-36,cannabis,McAllen,TX,,,CA,,ndic_market_analysis,ndic-dma-south_texas_2011,https://www.justice.gov/archive/ndic/dmas/South_Texas_DMA-2011(U).pdf,"U.S. Department of Justice, National Drug Intelligence Center",South Texas High Intensity Drug Trafficking Area Drug Market Analysis 2011,2011,"PDF p. 9, Table 1, origin column 'Hidalgo' (county placed on McAllen per PDF p. 15)","Table 1. Marijuana Seizures Originating in South Texas HIDTA Counties Destined for Drug Markets in U.S. States, 2010",2010,2010
ndic-south-texas-cannabis-37,cannabis,McAllen,TX,,,FL,,ndic_market_analysis,ndic-dma-south_texas_2011,https://www.justice.gov/archive/ndic/dmas/South_Texas_DMA-2011(U).pdf,"U.S. Department of Justice, National Drug Intelligence Center",South Texas High Intensity Drug Trafficking Area Drug Market Analysis 2011,2011,"PDF p. 9, Table 1, origin column 'Hidalgo' (county placed on McAllen per PDF p. 15)","Table 1. Marijuana Seizures Originating in South Texas HIDTA Counties Destined for Drug Markets in U.S. States, 2010",2010,2010
ndic-south-texas-cannabis-38,cannabis,McAllen,TX,,,GA,,ndic_market_analysis,ndic-dma-south_texas_2011,https://www.justice.gov/archive/ndic/dmas/South_Texas_DMA-2011(U).pdf,"U.S. Department of Justice, National Drug Intelligence Center",South Texas High Intensity Drug Trafficking Area Drug Market Analysis 2011,2011,"PDF p. 9, Table 1, origin column 'Hidalgo' (county placed on McAllen per PDF p. 15)","Table 1. Marijuana Seizures Originating in South Texas HIDTA Counties Destined for Drug Markets in U.S. States, 2010",2010,2010
ndic-south-texas-cannabis-39,cannabis,McAllen,TX,,,IL,,ndic_market_analysis,ndic-dma-south_texas_2011,https://www.justice.gov/archive/ndic/dmas/South_Texas_DMA-2011(U).pdf,"U.S. Department of Justice, National Drug Intelligence Center",South Texas High Intensity Drug Trafficking Area Drug Market Analysis 2011,2011,"PDF p. 9, Table 1, origin column 'Hidalgo' (county placed on McAllen per PDF p. 15)","Table 1. Marijuana Seizures Originating in South Texas HIDTA Counties Destined for Drug Markets in U.S. States, 2010",2010,2010
ndic-south-texas-cannabis-40,cannabis,McAllen,TX,,,IN,,ndic_market_analysis,ndic-dma-south_texas_2011,https://www.justice.gov/archive/ndic/dmas/South_Texas_DMA-2011(U).pdf,"U.S. Department of Justice, National Drug Intelligence Center",South Texas High Intensity Drug Trafficking Area Drug Market Analysis 2011,2011,"PDF p. 9, Table 1, origin column 'Hidalgo' (county placed on McAllen per PDF p. 15)","Table 1. Marijuana Seizures Originating in South Texas HIDTA Counties Destined for Drug Markets in U.S. States, 2010",2010,2010
ndic-south-texas-cannabis-41,cannabis,McAllen,TX,,,IA,,ndic_market_analysis,ndic-dma-south_texas_2011,https://www.justice.gov/archive/ndic/dmas/South_Texas_DMA-2011(U).pdf,"U.S. Department of Justice, National Drug Intelligence Center",South Texas High Intensity Drug Trafficking Area Drug Market Analysis 2011,2011,"PDF p. 9, Table 1, origin column 'Hidalgo' (county placed on McAllen per PDF p. 15)","Table 1. Marijuana Seizures Originating in South Texas HIDTA Counties Destined for Drug Markets in U.S. States, 2010",2010,2010
ndic-south-texas-cannabis-42,cannabis,McAllen,TX,,,KY,,ndic_market_analysis,ndic-dma-south_texas_2011,https://www.justice.gov/archive/ndic/dmas/South_Texas_DMA-2011(U).pdf,"U.S. Department of Justice, National Drug Intelligence Center",South Texas High Intensity Drug Trafficking Area Drug Market Analysis 2011,2011,"PDF p. 9, Table 1, origin column 'Hidalgo' (county placed on McAllen per PDF p. 15)","Table 1. Marijuana Seizures Originating in South Texas HIDTA Counties Destined for Drug Markets in U.S. States, 2010",2010,2010
ndic-south-texas-cannabis-43,cannabis,McAllen,TX,,,LA,,ndic_market_analysis,ndic-dma-south_texas_2011,https://www.justice.gov/archive/ndic/dmas/South_Texas_DMA-2011(U).pdf,"U.S. Department of Justice, National Drug Intelligence Center",South Texas High Intensity Drug Trafficking Area Drug Market Analysis 2011,2011,"PDF p. 9, Table 1, origin column 'Hidalgo' (county placed on McAllen per PDF p. 15)","Table 1. Marijuana Seizures Originating in South Texas HIDTA Counties Destined for Drug Markets in U.S. States, 2010",2010,2010
ndic-south-texas-cannabis-44,cannabis,McAllen,TX,,,MD,,ndic_market_analysis,ndic-dma-south_texas_2011,https://www.justice.gov/archive/ndic/dmas/South_Texas_DMA-2011(U).pdf,"U.S. Department of Justice, National Drug Intelligence Center",South Texas High Intensity Drug Trafficking Area Drug Market Analysis 2011,2011,"PDF p. 9, Table 1, origin column 'Hidalgo' (county placed on McAllen per PDF p. 15)","Table 1. Marijuana Seizures Originating in South Texas HIDTA Counties Destined for Drug Markets in U.S. States, 2010",2010,2010
ndic-south-texas-cannabis-45,cannabis,McAllen,TX,,,MI,,ndic_market_analysis,ndic-dma-south_texas_2011,https://www.justice.gov/archive/ndic/dmas/South_Texas_DMA-2011(U).pdf,"U.S. Department of Justice, National Drug Intelligence Center",South Texas High Intensity Drug Trafficking Area Drug Market Analysis 2011,2011,"PDF p. 9, Table 1, origin column 'Hidalgo' (county placed on McAllen per PDF p. 15)","Table 1. Marijuana Seizures Originating in South Texas HIDTA Counties Destined for Drug Markets in U.S. States, 2010",2010,2010
ndic-south-texas-cannabis-46,cannabis,McAllen,TX,,,MN,,ndic_market_analysis,ndic-dma-south_texas_2011,https://www.justice.gov/archive/ndic/dmas/South_Texas_DMA-2011(U).pdf,"U.S. Department of Justice, National Drug Intelligence Center",South Texas High Intensity Drug Trafficking Area Drug Market Analysis 2011,2011,"PDF p. 9, Table 1, origin column 'Hidalgo' (county placed on McAllen per PDF p. 15)","Table 1. Marijuana Seizures Originating in South Texas HIDTA Counties Destined for Drug Markets in U.S. States, 2010",2010,2010
ndic-south-texas-cannabis-47,cannabis,McAllen,TX,,,MS,,ndic_market_analysis,ndic-dma-south_texas_2011,https://www.justice.gov/archive/ndic/dmas/South_Texas_DMA-2011(U).pdf,"U.S. Department of Justice, National Drug Intelligence Center",South Texas High Intensity Drug Trafficking Area Drug Market Analysis 2011,2011,"PDF p. 9, Table 1, origin column 'Hidalgo' (county placed on McAllen per PDF p. 15)","Table 1. Marijuana Seizures Originating in South Texas HIDTA Counties Destined for Drug Markets in U.S. States, 2010",2010,2010
ndic-south-texas-cannabis-48,cannabis,McAllen,TX,,,MO,,ndic_market_analysis,ndic-dma-south_texas_2011,https://www.justice.gov/archive/ndic/dmas/South_Texas_DMA-2011(U).pdf,"U.S. Department of Justice, National Drug Intelligence Center",South Texas High Intensity Drug Trafficking Area Drug Market Analysis 2011,2011,"PDF p. 9, Table 1, origin column 'Hidalgo' (county placed on McAllen per PDF p. 15)","Table 1. Marijuana Seizures Originating in South Texas HIDTA Counties Destined for Drug Markets in U.S. States, 2010",2010,2010
ndic-south-texas-cannabis-49,cannabis,McAllen,TX,,,NE,,ndic_market_analysis,ndic-dma-south_texas_2011,https://www.justice.gov/archive/ndic/dmas/South_Texas_DMA-2011(U).pdf,"U.S. Department of Justice, National Drug Intelligence Center",South Texas High Intensity Drug Trafficking Area Drug Market Analysis 2011,2011,"PDF p. 9, Table 1, origin column 'Hidalgo' (county placed on McAllen per PDF p. 15)","Table 1. Marijuana Seizures Originating in South Texas HIDTA Counties Destined for Drug Markets in U.S. States, 2010",2010,2010
ndic-south-texas-cannabis-50,cannabis,McAllen,TX,,,NJ,,ndic_market_analysis,ndic-dma-south_texas_2011,https://www.justice.gov/archive/ndic/dmas/South_Texas_DMA-2011(U).pdf,"U.S. Department of Justice, National Drug Intelligence Center",South Texas High Intensity Drug Trafficking Area Drug Market Analysis 2011,2011,"PDF p. 9, Table 1, origin column 'Hidalgo' (county placed on McAllen per PDF p. 15)","Table 1. Marijuana Seizures Originating in South Texas HIDTA Counties Destined for Drug Markets in U.S. States, 2010",2010,2010
ndic-south-texas-cannabis-51,cannabis,McAllen,TX,,,NY,,ndic_market_analysis,ndic-dma-south_texas_2011,https://www.justice.gov/archive/ndic/dmas/South_Texas_DMA-2011(U).pdf,"U.S. Department of Justice, National Drug Intelligence Center",South Texas High Intensity Drug Trafficking Area Drug Market Analysis 2011,2011,"PDF p. 9, Table 1, origin column 'Hidalgo' (county placed on McAllen per PDF p. 15)","Table 1. Marijuana Seizures Originating in South Texas HIDTA Counties Destined for Drug Markets in U.S. States, 2010",2010,2010
ndic-south-texas-cannabis-52,cannabis,McAllen,TX,,,NC,,ndic_market_analysis,ndic-dma-south_texas_2011,https://www.justice.gov/archive/ndic/dmas/South_Texas_DMA-2011(U).pdf,"U.S. Department of Justice, National Drug Intelligence Center",South Texas High Intensity Drug Trafficking Area Drug Market Analysis 2011,2011,"PDF p. 9, Table 1, origin column 'Hidalgo' (county placed on McAllen per PDF p. 15)","Table 1. Marijuana Seizures Originating in South Texas HIDTA Counties Destined for Drug Markets in U.S. States, 2010",2010,2010
ndic-south-texas-cannabis-53,cannabis,McAllen,TX,,,OH,,ndic_market_analysis,ndic-dma-south_texas_2011,https://www.justice.gov/archive/ndic/dmas/South_Texas_DMA-2011(U).pdf,"U.S. Department of Justice, National Drug Intelligence Center",South Texas High Intensity Drug Trafficking Area Drug Market Analysis 2011,2011,"PDF p. 9, Table 1, origin column 'Hidalgo' (county placed on McAllen per PDF p. 15)","Table 1. Marijuana Seizures Originating in South Texas HIDTA Counties Destined for Drug Markets in U.S. States, 2010",2010,2010
ndic-south-texas-cannabis-54,cannabis,McAllen,TX,,,OK,,ndic_market_analysis,ndic-dma-south_texas_2011,https://www.justice.gov/archive/ndic/dmas/South_Texas_DMA-2011(U).pdf,"U.S. Department of Justice, National Drug Intelligence Center",South Texas High Intensity Drug Trafficking Area Drug Market Analysis 2011,2011,"PDF p. 9, Table 1, origin column 'Hidalgo' (county placed on McAllen per PDF p. 15)","Table 1. Marijuana Seizures Originating in South Texas HIDTA Counties Destined for Drug Markets in U.S. States, 2010",2010,2010
ndic-south-texas-cannabis-55,cannabis,McAllen,TX,,,PA,,ndic_market_analysis,ndic-dma-south_texas_2011,https://www.justice.gov/archive/ndic/dmas/South_Texas_DMA-2011(U).pdf,"U.S. Department of Justice, National Drug Intelligence Center",South Texas High Intensity Drug Trafficking Area Drug Market Analysis 2011,2011,"PDF p. 9, Table 1, origin column 'Hidalgo' (county placed on McAllen per PDF p. 15)","Table 1. Marijuana Seizures Originating in South Texas HIDTA Counties Destined for Drug Markets in U.S. States, 2010",2010,2010
ndic-south-texas-cannabis-56,cannabis,McAllen,TX,,,SD,,ndic_market_analysis,ndic-dma-south_texas_2011,https://www.justice.gov/archive/ndic/dmas/South_Texas_DMA-2011(U).pdf,"U.S. Department of Justice, National Drug Intelligence Center",South Texas High Intensity Drug Trafficking Area Drug Market Analysis 2011,2011,"PDF p. 9, Table 1, origin column 'Hidalgo' (county placed on McAllen per PDF p. 15)","Table 1. Marijuana Seizures Originating in South Texas HIDTA Counties Destined for Drug Markets in U.S. States, 2010",2010,2010
ndic-south-texas-cannabis-57,cannabis,McAllen,TX,,,TN,,ndic_market_analysis,ndic-dma-south_texas_2011,https://www.justice.gov/archive/ndic/dmas/South_Texas_DMA-2011(U).pdf,"U.S. Department of Justice, National Drug Intelligence Center",South Texas High Intensity Drug Trafficking Area Drug Market Analysis 2011,2011,"PDF p. 9, Table 1, origin column 'Hidalgo' (county placed on McAllen per PDF p. 15)","Table 1. Marijuana Seizures Originating in South Texas HIDTA Counties Destined for Drug Markets in U.S. States, 2010",2010,2010
ndic-south-texas-cannabis-58,cannabis,McAllen,TX,,,VA,,ndic_market_analysis,ndic-dma-south_texas_2011,https://www.justice.gov/archive/ndic/dmas/South_Texas_DMA-2011(U).pdf,"U.S. Department of Justice, National Drug Intelligence Center",South Texas High Intensity Drug Trafficking Area Drug Market Analysis 2011,2011,"PDF p. 9, Table 1, origin column 'Hidalgo' (county placed on McAllen per PDF p. 15)","Table 1. Marijuana Seizures Originating in South Texas HIDTA Counties Destined for Drug Markets in U.S. States, 2010",2010,2010
ndic-south-texas-cannabis-59,cannabis,McAllen,TX,,,WI,,ndic_market_analysis,ndic-dma-south_texas_2011,https://www.justice.gov/archive/ndic/dmas/South_Texas_DMA-2011(U).pdf,"U.S. Department of Justice, National Drug Intelligence Center",South Texas High Intensity Drug Trafficking Area Drug Market Analysis 2011,2011,"PDF p. 9, Table 1, origin column 'Hidalgo' (county placed on McAllen per PDF p. 15)","Table 1. Marijuana Seizures Originating in South Texas HIDTA Counties Destined for Drug Markets in U.S. States, 2010",2010,2010
ndic-south-texas-cannabis-60,cannabis,Eagle Pass,TX,,,IA,,ndic_market_analysis,ndic-dma-south_texas_2011,https://www.justice.gov/archive/ndic/dmas/South_Texas_DMA-2011(U).pdf,"U.S. Department of Justice, National Drug Intelligence Center",South Texas High Intensity Drug Trafficking Area Drug Market Analysis 2011,2011,"PDF p. 9, Table 1, origin column 'Maverick' (county placed on Eagle Pass per PDF p. 15)","Table 1. Marijuana Seizures Originating in South Texas HIDTA Counties Destined for Drug Markets in U.S. States, 2010",2010,2010
ndic-south-texas-cannabis-61,cannabis,Austin,TX,,,AL,,ndic_market_analysis,ndic-dma-south_texas_2011,https://www.justice.gov/archive/ndic/dmas/South_Texas_DMA-2011(U).pdf,"U.S. Department of Justice, National Drug Intelligence Center",South Texas High Intensity Drug Trafficking Area Drug Market Analysis 2011,2011,"PDF p. 9, Table 1, origin column 'Travis' (county placed on Austin per PDF p. 15)","Table 1. Marijuana Seizures Originating in South Texas HIDTA Counties Destined for Drug Markets in U.S. States, 2010",2010,2010
ndic-south-texas-cannabis-62,cannabis,Austin,TX,,,CO,,ndic_market_analysis,ndic-dma-south_texas_2011,https://www.justice.gov/archive/ndic/dmas/South_Texas_DMA-2011(U).pdf,"U.S. Department of Justice, National Drug Intelligence Center",South Texas High Intensity Drug Trafficking Area Drug Market Analysis 2011,2011,"PDF p. 9, Table 1, origin column 'Travis' (county placed on Austin per PDF p. 15)","Table 1. Marijuana Seizures Originating in South Texas HIDTA Counties Destined for Drug Markets in U.S. States, 2010",2010,2010
ndic-south-texas-cannabis-63,cannabis,Austin,TX,,,GA,,ndic_market_analysis,ndic-dma-south_texas_2011,https://www.justice.gov/archive/ndic/dmas/South_Texas_DMA-2011(U).pdf,"U.S. Department of Justice, National Drug Intelligence Center",South Texas High Intensity Drug Trafficking Area Drug Market Analysis 2011,2011,"PDF p. 9, Table 1, origin column 'Travis' (county placed on Austin per PDF p. 15)","Table 1. Marijuana Seizures Originating in South Texas HIDTA Counties Destined for Drug Markets in U.S. States, 2010",2010,2010
ndic-south-texas-cannabis-64,cannabis,Austin,TX,,,LA,,ndic_market_analysis,ndic-dma-south_texas_2011,https://www.justice.gov/archive/ndic/dmas/South_Texas_DMA-2011(U).pdf,"U.S. Department of Justice, National Drug Intelligence Center",South Texas High Intensity Drug Trafficking Area Drug Market Analysis 2011,2011,"PDF p. 9, Table 1, origin column 'Travis' (county placed on Austin per PDF p. 15)","Table 1. Marijuana Seizures Originating in South Texas HIDTA Counties Destined for Drug Markets in U.S. States, 2010",2010,2010
ndic-south-texas-cannabis-65,cannabis,Austin,TX,,,MS,,ndic_market_analysis,ndic-dma-south_texas_2011,https://www.justice.gov/archive/ndic/dmas/South_Texas_DMA-2011(U).pdf,"U.S. Department of Justice, National Drug Intelligence Center",South Texas High Intensity Drug Trafficking Area Drug Market Analysis 2011,2011,"PDF p. 9, Table 1, origin column 'Travis' (county placed on Austin per PDF p. 15)","Table 1. Marijuana Seizures Originating in South Texas HIDTA Counties Destined for Drug Markets in U.S. States, 2010",2010,2010
ndic-south-texas-cannabis-66,cannabis,Austin,TX,,,MO,,ndic_market_analysis,ndic-dma-south_texas_2011,https://www.justice.gov/archive/ndic/dmas/South_Texas_DMA-2011(U).pdf,"U.S. Department of Justice, National Drug Intelligence Center",South Texas High Intensity Drug Trafficking Area Drug Market Analysis 2011,2011,"PDF p. 9, Table 1, origin column 'Travis' (county placed on Austin per PDF p. 15)","Table 1. Marijuana Seizures Originating in South Texas HIDTA Counties Destined for Drug Markets in U.S. States, 2010",2010,2010
ndic-south-texas-cannabis-67,cannabis,Austin,TX,,,NJ,,ndic_market_analysis,ndic-dma-south_texas_2011,https://www.justice.gov/archive/ndic/dmas/South_Texas_DMA-2011(U).pdf,"U.S. Department of Justice, National Drug Intelligence Center",South Texas High Intensity Drug Trafficking Area Drug Market Analysis 2011,2011,"PDF p. 9, Table 1, origin column 'Travis' (county placed on Austin per PDF p. 15)","Table 1. Marijuana Seizures Originating in South Texas HIDTA Counties Destined for Drug Markets in U.S. States, 2010",2010,2010
ndic-south-texas-cannabis-68,cannabis,Austin,TX,,,NY,,ndic_market_analysis,ndic-dma-south_texas_2011,https://www.justice.gov/archive/ndic/dmas/South_Texas_DMA-2011(U).pdf,"U.S. Department of Justice, National Drug Intelligence Center",South Texas High Intensity Drug Trafficking Area Drug Market Analysis 2011,2011,"PDF p. 9, Table 1, origin column 'Travis' (county placed on Austin per PDF p. 15)","Table 1. Marijuana Seizures Originating in South Texas HIDTA Counties Destined for Drug Markets in U.S. States, 2010",2010,2010
ndic-south-texas-cannabis-69,cannabis,Austin,TX,,,TN,,ndic_market_analysis,ndic-dma-south_texas_2011,https://www.justice.gov/archive/ndic/dmas/South_Texas_DMA-2011(U).pdf,"U.S. Department of Justice, National Drug Intelligence Center",South Texas High Intensity Drug Trafficking Area Drug Market Analysis 2011,2011,"PDF p. 9, Table 1, origin column 'Travis' (county placed on Austin per PDF p. 15)","Table 1. Marijuana Seizures Originating in South Texas HIDTA Counties Destined for Drug Markets in U.S. States, 2010",2010,2010
ndic-south-texas-cannabis-70,cannabis,Del Rio,TX,,,IL,,ndic_market_analysis,ndic-dma-south_texas_2011,https://www.justice.gov/archive/ndic/dmas/South_Texas_DMA-2011(U).pdf,"U.S. Department of Justice, National Drug Intelligence Center",South Texas High Intensity Drug Trafficking Area Drug Market Analysis 2011,2011,"PDF p. 9, Table 1, origin column 'Val Verde' (county placed on Del Rio per PDF p. 15)","Table 1. Marijuana Seizures Originating in South Texas HIDTA Counties Destined for Drug Markets in U.S. States, 2010",2010,2010
ndic-south-texas-cannabis-71,cannabis,Laredo,TX,,,AR,,ndic_market_analysis,ndic-dma-south_texas_2011,https://www.justice.gov/archive/ndic/dmas/South_Texas_DMA-2011(U).pdf,"U.S. Department of Justice, National Drug Intelligence Center",South Texas High Intensity Drug Trafficking Area Drug Market Analysis 2011,2011,"PDF p. 9, Table 1, origin column 'Webb' (county placed on Laredo per PDF p. 15)","Table 1. Marijuana Seizures Originating in South Texas HIDTA Counties Destined for Drug Markets in U.S. States, 2010",2010,2010
ndic-south-texas-cannabis-72,cannabis,Laredo,TX,,,IL,,ndic_market_analysis,ndic-dma-south_texas_2011,https://www.justice.gov/archive/ndic/dmas/South_Texas_DMA-2011(U).pdf,"U.S. Department of Justice, National Drug Intelligence Center",South Texas High Intensity Drug Trafficking Area Drug Market Analysis 2011,2011,"PDF p. 9, Table 1, origin column 'Webb' (county placed on Laredo per PDF p. 15)","Table 1. Marijuana Seizures Originating in South Texas HIDTA Counties Destined for Drug Markets in U.S. States, 2010",2010,2010
ndic-south-texas-cannabis-73,cannabis,Laredo,TX,,,MI,,ndic_market_analysis,ndic-dma-south_texas_2011,https://www.justice.gov/archive/ndic/dmas/South_Texas_DMA-2011(U).pdf,"U.S. Department of Justice, National Drug Intelligence Center",South Texas High Intensity Drug Trafficking Area Drug Market Analysis 2011,2011,"PDF p. 9, Table 1, origin column 'Webb' (county placed on Laredo per PDF p. 15)","Table 1. Marijuana Seizures Originating in South Texas HIDTA Counties Destined for Drug Markets in U.S. States, 2010",2010,2010
ndic-south-texas-cannabis-74,cannabis,Laredo,TX,,,VA,,ndic_market_analysis,ndic-dma-south_texas_2011,https://www.justice.gov/archive/ndic/dmas/South_Texas_DMA-2011(U).pdf,"U.S. Department of Justice, National Drug Intelligence Center",South Texas High Intensity Drug Trafficking Area Drug Market Analysis 2011,2011,"PDF p. 9, Table 1, origin column 'Webb' (county placed on Laredo per PDF p. 15)","Table 1. Marijuana Seizures Originating in South Texas HIDTA Counties Destined for Drug Markets in U.S. States, 2010",2010,2010
ndic-west-texas-cocaine-01,cocaine,,,MEX,El Paso,TX,,ndic_market_analysis,ndic-dma-west_texas_2011,https://www.justice.gov/archive/ndic/dmas/West_Texas_DMA-2011(U).pdf,"U.S. Department of Justice, National Drug Intelligence Center",West Texas High Intensity Drug Trafficking Area Drug Market Analysis 2011,2011,PDF p. 14,recent seizures at the El Paso POE suggest that more cocaine is being smuggled into the HIDTA region from Mexico.,2010,2011
ndic-houston-heroin-01,heroin,Houston,TX,,,CA,,ndic_market_analysis,ndic-dma-houston_2009,https://www.justice.gov/archive/ndic/pubs32/32771/32771p.pdf,"U.S. Department of Justice, National Drug Intelligence Center",Houston High Intensity Drug Trafficking Area Drug Market Analysis 2009,2009,PDF p. 19,"Heroin is transshipped from Houston to markets in California, Louisiana, New York, and throughout Texas.",2008,2009
ndic-houston-heroin-02,heroin,Houston,TX,,,LA,,ndic_market_analysis,ndic-dma-houston_2009,https://www.justice.gov/archive/ndic/pubs32/32771/32771p.pdf,"U.S. Department of Justice, National Drug Intelligence Center",Houston High Intensity Drug Trafficking Area Drug Market Analysis 2009,2009,PDF p. 19,"Heroin is transshipped from Houston to markets in California, Louisiana, New York, and throughout Texas.",2008,2009
ndic-houston-heroin-03,heroin,Houston,TX,,,NY,,ndic_market_analysis,ndic-dma-houston_2009,https://www.justice.gov/archive/ndic/pubs32/32771/32771p.pdf,"U.S. Department of Justice, National Drug Intelligence Center",Houston High Intensity Drug Trafficking Area Drug Market Analysis 2009,2009,PDF p. 19,"Heroin is transshipped from Houston to markets in California, Louisiana, New York, and throughout Texas.",2008,2009
ndic-houston-meth-01,meth,Houston,TX,,,FL,,ndic_market_analysis,ndic-dma-houston_2009,https://www.justice.gov/archive/ndic/pubs32/32771/32771p.pdf,"U.S. Department of Justice, National Drug Intelligence Center",Houston High Intensity Drug Trafficking Area Drug Market Analysis 2009,2009,PDF p. 19,"Methamphetamine is distributed from Houston to markets throughout the midwestern and eastern United States, including those in Florida, Georgia, Illinois, Louisiana, and Texas.",2008,2009
ndic-houston-meth-02,meth,Houston,TX,,,GA,,ndic_market_analysis,ndic-dma-houston_2009,https://www.justice.gov/archive/ndic/pubs32/32771/32771p.pdf,"U.S. Department of Justice, National Drug Intelligence Center",Houston High Intensity Drug Trafficking Area Drug Market Analysis 2009,2009,PDF p. 19,"Methamphetamine is distributed from Houston to markets throughout the midwestern and eastern United States, including those in Florida, Georgia, Illinois, Louisiana, and Texas.",2008,2009
ndic-houston-meth-03,meth,Houston,TX,,,IL,,ndic_market_analysis,ndic-dma-houston_2009,https://www.justice.gov/archive/ndic/pubs32/32771/32771p.pdf,"U.S. Department of Justice, National Drug Intelligence Center",Houston High Intensity Drug Trafficking Area Drug Market Analysis 2009,2009,PDF p. 19,"Methamphetamine is distributed from Houston to markets throughout the midwestern and eastern United States, including those in Florida, Georgia, Illinois, Louisiana, and Texas.",2008,2009
ndic-houston-meth-04,meth,Houston,TX,,,LA,,ndic_market_analysis,ndic-dma-houston_2009,https://www.justice.gov/archive/ndic/pubs32/32771/32771p.pdf,"U.S. Department of Justice, National Drug Intelligence Center",Houston High Intensity Drug Trafficking Area Drug Market Analysis 2009,2009,PDF p. 19,"Methamphetamine is distributed from Houston to markets throughout the midwestern and eastern United States, including those in Florida, Georgia, Illinois, Louisiana, and Texas.",2008,2009
ndic-houston-meth-05,meth,,CA,,Houston,TX,,ndic_market_analysis,ndic-dma-houston_2009,https://www.justice.gov/archive/ndic/pubs32/32771/32771p.pdf,"U.S. Department of Justice, National Drug Intelligence Center",Houston High Intensity Drug Trafficking Area Drug Market Analysis 2009,2009,PDF p. 19,Methamphetamine transported into the Houston area from California and Dallas,2008,2009
ndic-houston-meth-06,meth,Dallas,TX,,Houston,TX,,ndic_market_analysis,ndic-dma-houston_2009,https://www.justice.gov/archive/ndic/pubs32/32771/32771p.pdf,"U.S. Department of Justice, National Drug Intelligence Center",Houston High Intensity Drug Trafficking Area Drug Market Analysis 2009,2009,PDF p. 19,Methamphetamine transported into the Houston area from California and Dallas,2008,2009
hidta-ac2026-meth-01,meth,,,MEX,Atlanta,GA,,hidta_assessment,hidta-atlanta-carolinas-2026,https://addictioncenterofexcellence.sc.gov/sites/daodas/files/users/user266/HIDTA%202026%20Threat%20Assessment%20-%20Final.pdf,Atlanta-Carolinas HIDTA (ONDCP),2026 Atlanta-Carolinas HIDTA Drug Threat Assessment,2025,PDF p. 32,One multi-state organization is responsible for smuggling multi-kilogram quantities of methamphetamine and cocaine from Mexico to the Atlanta metropolitan area.,2024,2025
hidta-ac2026-cocaine-01,cocaine,,,MEX,Atlanta,GA,,hidta_assessment,hidta-atlanta-carolinas-2026,https://addictioncenterofexcellence.sc.gov/sites/daodas/files/users/user266/HIDTA%202026%20Threat%20Assessment%20-%20Final.pdf,Atlanta-Carolinas HIDTA (ONDCP),2026 Atlanta-Carolinas HIDTA Drug Threat Assessment,2025,PDF p. 32,One multi-state organization is responsible for smuggling multi-kilogram quantities of methamphetamine and cocaine from Mexico to the Atlanta metropolitan area.,2024,2025
